src/app/blog/[slug]/page.tsx(55,19): error TS1109: Expression expected.
src/app/blog/[slug]/page.tsx(55,24): error TS1005: ',' expected.
src/app/blog/[slug]/page.tsx(55,32): error TS1005: ',' expected.
src/app/blog/[slug]/page.tsx(55,37): error TS1005: ',' expected.
src/app/blog/[slug]/page.tsx(55,38): error TS1136: Property assignment expected.
src/app/blog/[slug]/page.tsx(67,16): error TS1005: ';' expected.
src/app/blog/[slug]/page.tsx(68,19): error TS1109: Expression expected.
src/app/blog/[slug]/page.tsx(68,50): error TS1128: Declaration or statement expected.
src/app/blog/[slug]/page.tsx(70,24): error TS1005: ';' expected.
src/app/blog/[slug]/page.tsx(71,19): error TS1005: ';' expected.
src/app/blog/[slug]/page.tsx(72,9): error TS1109: Expression expected.
src/app/blog/[slug]/page.tsx(72,10): error TS1128: Declaration or statement expected.
src/app/blog/[slug]/page.tsx(74,1): error TS1128: Declaration or statement expected.
src/app/blog/[slug]/page.tsx(92,9): error TS1136: Property assignment expected.
src/app/blog/[slug]/page.tsx(92,23): error TS1146: Declaration expected.
src/app/blog/[slug]/page.tsx(92,29): error TS1128: Declaration or statement expected.
src/app/blog/[slug]/page.tsx(92,31): error TS1109: Expression expected.
src/app/blog/[slug]/page.tsx(93,9): error TS1109: Expression expected.
src/app/blog/[slug]/page.tsx(93,20): error TS1146: Declaration expected.
src/app/blog/[slug]/page.tsx(93,26): error TS1128: Declaration or statement expected.
src/app/blog/[slug]/page.tsx(93,28): error TS1109: Expression expected.
src/app/blog/[slug]/page.tsx(93,47): error TS1128: Declaration or statement expected.
src/app/blog/[slug]/page.tsx(95,20): error TS1005: ';' expected.
src/app/blog/[slug]/page.tsx(96,14): error TS1005: ';' expected.
src/app/blog/[slug]/page.tsx(97,22): error TS1005: ';' expected.
src/app/blog/[slug]/page.tsx(98,21): error TS1005: ';' expected.
src/app/blog/[slug]/page.tsx(99,15): error TS1005: ';' expected.
src/app/blog/[slug]/page.tsx(100,13): error TS1109: Expression expected.
src/app/blog/[slug]/page.tsx(100,24): error TS1146: Declaration expected.
src/app/blog/[slug]/page.tsx(100,30): error TS1128: Declaration or statement expected.
src/app/blog/[slug]/page.tsx(100,32): error TS1109: Expression expected.
src/app/blog/[slug]/page.tsx(100,56): error TS1128: Declaration or statement expected.
src/app/blog/[slug]/page.tsx(101,19): error TS1109: Expression expected.
src/app/blog/[slug]/page.tsx(101,25): error TS1434: Unexpected keyword or identifier.
src/app/blog/[slug]/page.tsx(101,32): error TS1434: Unexpected keyword or identifier.
src/app/blog/[slug]/page.tsx(101,57): error TS1128: Declaration or statement expected.
src/app/blog/[slug]/page.tsx(102,18): error TS1109: Expression expected.
src/app/blog/[slug]/page.tsx(103,9): error TS1109: Expression expected.
src/app/blog/[slug]/page.tsx(103,10): error TS1128: Declaration or statement expected.
src/app/blog/[slug]/page.tsx(105,13): error TS1109: Expression expected.
src/app/blog/[slug]/page.tsx(105,24): error TS1146: Declaration expected.
src/app/blog/[slug]/page.tsx(105,30): error TS1128: Declaration or statement expected.
src/app/blog/[slug]/page.tsx(105,32): error TS1109: Expression expected.
src/app/blog/[slug]/page.tsx(105,56): error TS1128: Declaration or statement expected.
src/app/blog/[slug]/page.tsx(106,19): error TS1109: Expression expected.
src/app/blog/[slug]/page.tsx(106,25): error TS1434: Unexpected keyword or identifier.
src/app/blog/[slug]/page.tsx(106,32): error TS1434: Unexpected keyword or identifier.
src/app/blog/[slug]/page.tsx(106,57): error TS1128: Declaration or statement expected.
src/app/blog/[slug]/page.tsx(108,17): error TS1109: Expression expected.
src/app/blog/[slug]/page.tsx(108,28): error TS1146: Declaration expected.
src/app/blog/[slug]/page.tsx(108,34): error TS1128: Declaration or statement expected.
src/app/blog/[slug]/page.tsx(108,36): error TS1109: Expression expected.
src/app/blog/[slug]/page.tsx(108,59): error TS1128: Declaration or statement expected.
src/app/blog/[slug]/page.tsx(109,22): error TS1109: Expression expected.
src/app/blog/[slug]/page.tsx(110,13): error TS1109: Expression expected.
src/app/blog/[slug]/page.tsx(110,14): error TS1128: Declaration or statement expected.
src/app/blog/[slug]/page.tsx(111,10): error TS1128: Declaration or statement expected.
src/app/blog/[slug]/page.tsx(113,13): error TS1109: Expression expected.
src/app/blog/[slug]/page.tsx(113,24): error TS1146: Declaration expected.
src/app/blog/[slug]/page.tsx(113,30): error TS1128: Declaration or statement expected.
src/app/blog/[slug]/page.tsx(113,32): error TS1109: Expression expected.
src/app/blog/[slug]/page.tsx(113,51): error TS1128: Declaration or statement expected.
src/app/blog/[slug]/page.tsx(114,13): error TS1109: Expression expected.
src/app/blog/[slug]/page.tsx(114,22): error TS1146: Declaration expected.
src/app/blog/[slug]/page.tsx(114,28): error TS1128: Declaration or statement expected.
src/app/blog/[slug]/page.tsx(115,9): error TS1109: Expression expected.
src/app/blog/[slug]/page.tsx(115,10): error TS1128: Declaration or statement expected.
src/app/blog/[slug]/page.tsx(188,78): error TS1109: Expression expected.
src/app/blog/[slug]/page.tsx(188,83): error TS1005: ')' expected.
src/app/blog/[slug]/page.tsx(188,104): error TS1005: '}' expected.
src/app/blog/[slug]/page.tsx(188,176): error TS1381: Unexpected token. Did you mean `{'}'}` or `&rbrace;`?
src/app/blog/[slug]/page.tsx(188,178): error TS1381: Unexpected token. Did you mean `{'}'}` or `&rbrace;`?
src/app/blog/[slug]/page.tsx(338,1): error TS1128: Declaration or statement expected.
src/app/blog/adult-birthday-party-ideas/page.tsx(67,9): error TS1136: Property assignment expected.
src/app/blog/adult-birthday-party-ideas/page.tsx(67,14): error TS1005: ')' expected.
src/app/blog/adult-birthday-party-ideas/page.tsx(67,15): error TS1136: Property assignment expected.
src/app/blog/adult-birthday-party-ideas/page.tsx(67,20): error TS1146: Declaration expected.
src/app/blog/adult-birthday-party-ideas/page.tsx(67,26): error TS1128: Declaration or statement expected.
src/app/blog/adult-birthday-party-ideas/page.tsx(67,28): error TS1109: Expression expected.
src/app/blog/adult-birthday-party-ideas/page.tsx(67,48): error TS1128: Declaration or statement expected.
src/app/blog/adult-birthday-party-ideas/page.tsx(69,23): error TS1005: ';' expected.
src/app/blog/adult-birthday-party-ideas/page.tsx(70,13): error TS1109: Expression expected.
src/app/blog/adult-birthday-party-ideas/page.tsx(70,24): error TS1146: Declaration expected.
src/app/blog/adult-birthday-party-ideas/page.tsx(70,30): error TS1128: Declaration or statement expected.
src/app/blog/adult-birthday-party-ideas/page.tsx(70,32): error TS1109: Expression expected.
src/app/blog/adult-birthday-party-ideas/page.tsx(70,50): error TS1128: Declaration or statement expected.
src/app/blog/adult-birthday-party-ideas/page.tsx(72,9): error TS1109: Expression expected.
src/app/blog/adult-birthday-party-ideas/page.tsx(72,10): error TS1128: Declaration or statement expected.
src/app/blog/adult-birthday-party-ideas/page.tsx(73,5): error TS1128: Declaration or statement expected.
src/app/blog/adult-birthday-party-ideas/page.tsx(73,6): error TS1128: Declaration or statement expected.
src/app/blog/adult-birthday-party-ideas/page.tsx(73,7): error TS1128: Declaration or statement expected.
src/app/blog/adult-birthday-party-ideas/page.tsx(73,8): error TS1128: Declaration or statement expected.
src/app/blog/adult-birthday-party-ideas/page.tsx(74,1): error TS1128: Declaration or statement expected.
src/app/blog/adult-birthday-party-ideas/page.tsx(78,5): error TS1136: Property assignment expected.
src/app/blog/adult-birthday-party-ideas/page.tsx(78,19): error TS1146: Declaration expected.
src/app/blog/adult-birthday-party-ideas/page.tsx(78,25): error TS1128: Declaration or statement expected.
src/app/blog/adult-birthday-party-ideas/page.tsx(78,27): error TS1109: Expression expected.
src/app/blog/adult-birthday-party-ideas/page.tsx(79,5): error TS1109: Expression expected.
src/app/blog/adult-birthday-party-ideas/page.tsx(79,16): error TS1146: Declaration expected.
src/app/blog/adult-birthday-party-ideas/page.tsx(79,22): error TS1128: Declaration or statement expected.
src/app/blog/adult-birthday-party-ideas/page.tsx(79,24): error TS1109: Expression expected.
src/app/blog/adult-birthday-party-ideas/page.tsx(79,50): error TS1128: Declaration or statement expected.
src/app/blog/adult-birthday-party-ideas/page.tsx(80,5): error TS1109: Expression expected.
src/app/blog/adult-birthday-party-ideas/page.tsx(80,32): error TS1128: Declaration or statement expected.
src/app/blog/adult-birthday-party-ideas/page.tsx(81,11): error TS1136: Property assignment expected.
src/app/blog/adult-birthday-party-ideas/page.tsx(81,16): error TS1005: ',' expected.
src/app/blog/adult-birthday-party-ideas/page.tsx(81,22): error TS1109: Expression expected.
src/app/blog/adult-birthday-party-ideas/page.tsx(81,27): error TS1005: ',' expected.
src/app/blog/adult-birthday-party-ideas/page.tsx(81,28): error TS1137: Expression or comma expected.
src/app/blog/adult-birthday-party-ideas/page.tsx(81,30): error TS1109: Expression expected.
src/app/blog/adult-birthday-party-ideas/page.tsx(81,35): error TS1005: ',' expected.
src/app/blog/adult-birthday-party-ideas/page.tsx(81,49): error TS1005: ',' expected.
src/app/blog/adult-birthday-party-ideas/page.tsx(81,52): error TS1109: Expression expected.
src/app/blog/adult-birthday-party-ideas/page.tsx(81,57): error TS1005: ',' expected.
src/app/blog/adult-birthday-party-ideas/page.tsx(81,71): error TS1005: ',' expected.
src/app/blog/adult-birthday-party-ideas/page.tsx(81,72): error TS1137: Expression or comma expected.
src/app/blog/adult-birthday-party-ideas/page.tsx(81,77): error TS1109: Expression expected.
src/app/blog/adult-birthday-party-ideas/page.tsx(81,82): error TS1005: ',' expected.
src/app/blog/adult-birthday-party-ideas/page.tsx(81,92): error TS1005: ',' expected.
src/app/blog/adult-birthday-party-ideas/page.tsx(81,93): error TS1137: Expression or comma expected.
src/app/blog/adult-birthday-party-ideas/page.tsx(81,95): error TS1109: Expression expected.
src/app/blog/adult-birthday-party-ideas/page.tsx(81,100): error TS1005: ',' expected.
src/app/blog/adult-birthday-party-ideas/page.tsx(81,110): error TS1005: ',' expected.
src/app/blog/adult-birthday-party-ideas/page.tsx(81,113): error TS1109: Expression expected.
src/app/blog/adult-birthday-party-ideas/page.tsx(81,118): error TS1005: ',' expected.
src/app/blog/adult-birthday-party-ideas/page.tsx(81,128): error TS1005: ',' expected.
src/app/blog/adult-birthday-party-ideas/page.tsx(81,129): error TS1137: Expression or comma expected.
src/app/blog/adult-birthday-party-ideas/page.tsx(81,131): error TS1109: Expression expected.
src/app/blog/adult-birthday-party-ideas/page.tsx(81,136): error TS1005: ',' expected.
src/app/blog/adult-birthday-party-ideas/page.tsx(81,142): error TS1005: ',' expected.
src/app/blog/adult-birthday-party-ideas/page.tsx(82,11): error TS1136: Property assignment expected.
src/app/blog/adult-birthday-party-ideas/page.tsx(82,16): error TS1005: ',' expected.
src/app/blog/adult-birthday-party-ideas/page.tsx(82,22): error TS1109: Expression expected.
src/app/blog/adult-birthday-party-ideas/page.tsx(82,27): error TS1005: ',' expected.
src/app/blog/adult-birthday-party-ideas/page.tsx(82,28): error TS1137: Expression or comma expected.
src/app/blog/adult-birthday-party-ideas/page.tsx(82,30): error TS1109: Expression expected.
src/app/blog/adult-birthday-party-ideas/page.tsx(82,35): error TS1005: ',' expected.
src/app/blog/adult-birthday-party-ideas/page.tsx(82,49): error TS1005: ',' expected.
src/app/blog/adult-birthday-party-ideas/page.tsx(82,52): error TS1109: Expression expected.
src/app/blog/adult-birthday-party-ideas/page.tsx(82,57): error TS1005: ',' expected.
src/app/blog/adult-birthday-party-ideas/page.tsx(82,71): error TS1005: ',' expected.
src/app/blog/adult-birthday-party-ideas/page.tsx(82,72): error TS1137: Expression or comma expected.
src/app/blog/adult-birthday-party-ideas/page.tsx(82,77): error TS1109: Expression expected.
src/app/blog/adult-birthday-party-ideas/page.tsx(82,82): error TS1005: ',' expected.
src/app/blog/adult-birthday-party-ideas/page.tsx(82,92): error TS1005: ',' expected.
src/app/blog/adult-birthday-party-ideas/page.tsx(82,93): error TS1137: Expression or comma expected.
src/app/blog/adult-birthday-party-ideas/page.tsx(82,95): error TS1109: Expression expected.
src/app/blog/adult-birthday-party-ideas/page.tsx(82,100): error TS1005: ',' expected.
src/app/blog/adult-birthday-party-ideas/page.tsx(82,110): error TS1005: ',' expected.
src/app/blog/adult-birthday-party-ideas/page.tsx(82,113): error TS1109: Expression expected.
src/app/blog/adult-birthday-party-ideas/page.tsx(82,118): error TS1005: ',' expected.
src/app/blog/adult-birthday-party-ideas/page.tsx(82,128): error TS1005: ',' expected.
src/app/blog/adult-birthday-party-ideas/page.tsx(82,129): error TS1137: Expression or comma expected.
src/app/blog/adult-birthday-party-ideas/page.tsx(82,131): error TS1109: Expression expected.
src/app/blog/adult-birthday-party-ideas/page.tsx(82,136): error TS1005: ',' expected.
src/app/blog/adult-birthday-party-ideas/page.tsx(82,142): error TS1005: ',' expected.
src/app/blog/adult-birthday-party-ideas/page.tsx(83,11): error TS1136: Property assignment expected.
src/app/blog/adult-birthday-party-ideas/page.tsx(83,16): error TS1005: ',' expected.
src/app/blog/adult-birthday-party-ideas/page.tsx(83,22): error TS1109: Expression expected.
src/app/blog/adult-birthday-party-ideas/page.tsx(83,27): error TS1005: ',' expected.
src/app/blog/adult-birthday-party-ideas/page.tsx(83,28): error TS1137: Expression or comma expected.
src/app/blog/adult-birthday-party-ideas/page.tsx(83,30): error TS1109: Expression expected.
src/app/blog/adult-birthday-party-ideas/page.tsx(83,35): error TS1005: ',' expected.
src/app/blog/adult-birthday-party-ideas/page.tsx(83,49): error TS1005: ',' expected.
src/app/blog/adult-birthday-party-ideas/page.tsx(83,52): error TS1109: Expression expected.
src/app/blog/adult-birthday-party-ideas/page.tsx(83,57): error TS1005: ',' expected.
src/app/blog/adult-birthday-party-ideas/page.tsx(83,71): error TS1005: ',' expected.
src/app/blog/adult-birthday-party-ideas/page.tsx(83,72): error TS1137: Expression or comma expected.
src/app/blog/adult-birthday-party-ideas/page.tsx(83,77): error TS1109: Expression expected.
src/app/blog/adult-birthday-party-ideas/page.tsx(83,82): error TS1005: ',' expected.
src/app/blog/adult-birthday-party-ideas/page.tsx(83,92): error TS1005: ',' expected.
src/app/blog/adult-birthday-party-ideas/page.tsx(83,93): error TS1137: Expression or comma expected.
src/app/blog/adult-birthday-party-ideas/page.tsx(83,95): error TS1109: Expression expected.
src/app/blog/adult-birthday-party-ideas/page.tsx(83,100): error TS1005: ',' expected.
src/app/blog/adult-birthday-party-ideas/page.tsx(83,109): error TS1005: ',' expected.
src/app/blog/adult-birthday-party-ideas/page.tsx(83,120): error TS1005: ',' expected.
src/app/blog/adult-birthday-party-ideas/page.tsx(83,123): error TS1109: Expression expected.
src/app/blog/adult-birthday-party-ideas/page.tsx(83,128): error TS1005: ',' expected.
src/app/blog/adult-birthday-party-ideas/page.tsx(83,138): error TS1005: ',' expected.
src/app/blog/adult-birthday-party-ideas/page.tsx(83,139): error TS1137: Expression or comma expected.
src/app/blog/adult-birthday-party-ideas/page.tsx(83,141): error TS1109: Expression expected.
src/app/blog/adult-birthday-party-ideas/page.tsx(83,146): error TS1005: ',' expected.
src/app/blog/adult-birthday-party-ideas/page.tsx(83,152): error TS1005: ',' expected.
src/app/blog/adult-birthday-party-ideas/page.tsx(84,11): error TS1136: Property assignment expected.
src/app/blog/adult-birthday-party-ideas/page.tsx(84,16): error TS1005: ',' expected.
src/app/blog/adult-birthday-party-ideas/page.tsx(84,22): error TS1109: Expression expected.
src/app/blog/adult-birthday-party-ideas/page.tsx(84,27): error TS1005: ',' expected.
src/app/blog/adult-birthday-party-ideas/page.tsx(84,28): error TS1137: Expression or comma expected.
src/app/blog/adult-birthday-party-ideas/page.tsx(84,30): error TS1109: Expression expected.
src/app/blog/adult-birthday-party-ideas/page.tsx(84,35): error TS1005: ',' expected.
src/app/blog/adult-birthday-party-ideas/page.tsx(84,49): error TS1005: ',' expected.
src/app/blog/adult-birthday-party-ideas/page.tsx(84,52): error TS1109: Expression expected.
src/app/blog/adult-birthday-party-ideas/page.tsx(84,57): error TS1005: ',' expected.
src/app/blog/adult-birthday-party-ideas/page.tsx(84,71): error TS1005: ',' expected.
src/app/blog/adult-birthday-party-ideas/page.tsx(84,72): error TS1137: Expression or comma expected.
src/app/blog/adult-birthday-party-ideas/page.tsx(84,77): error TS1109: Expression expected.
src/app/blog/adult-birthday-party-ideas/page.tsx(84,82): error TS1005: ',' expected.
src/app/blog/adult-birthday-party-ideas/page.tsx(84,92): error TS1005: ',' expected.
src/app/blog/adult-birthday-party-ideas/page.tsx(84,93): error TS1137: Expression or comma expected.
src/app/blog/adult-birthday-party-ideas/page.tsx(84,95): error TS1109: Expression expected.
src/app/blog/adult-birthday-party-ideas/page.tsx(84,100): error TS1005: ',' expected.
src/app/blog/adult-birthday-party-ideas/page.tsx(84,108): error TS1005: ',' expected.
src/app/blog/adult-birthday-party-ideas/page.tsx(84,114): error TS1005: ',' expected.
src/app/blog/adult-birthday-party-ideas/page.tsx(84,123): error TS1005: ',' expected.
src/app/blog/adult-birthday-party-ideas/page.tsx(84,129): error TS1005: ',' expected.
src/app/blog/adult-birthday-party-ideas/page.tsx(84,148): error TS1005: ',' expected.
src/app/blog/adult-birthday-party-ideas/page.tsx(84,150): error TS1137: Expression or comma expected.
src/app/blog/adult-birthday-party-ideas/page.tsx(86,1): error TS1109: Expression expected.
src/app/blog/adult-birthday-party-ideas/page.tsx(210,144): error TS1109: Expression expected.
src/app/blog/adult-birthday-party-ideas/page.tsx(210,149): error TS1005: '}' expected.
src/app/blog/adult-birthday-party-ideas/page.tsx(210,157): error TS1381: Unexpected token. Did you mean `{'}'}` or `&rbrace;`?
src/app/blog/adult-birthday-party-ideas/page.tsx(211,143): error TS1109: Expression expected.
src/app/blog/adult-birthday-party-ideas/page.tsx(211,148): error TS1005: '}' expected.
src/app/blog/adult-birthday-party-ideas/page.tsx(211,156): error TS1381: Unexpected token. Did you mean `{'}'}` or `&rbrace;`?
src/app/blog/adult-birthday-party-ideas/page.tsx(274,107): error TS1109: Expression expected.
src/app/blog/adult-birthday-party-ideas/page.tsx(274,112): error TS1005: '}' expected.
src/app/blog/adult-birthday-party-ideas/page.tsx(274,120): error TS1381: Unexpected token. Did you mean `{'}'}` or `&rbrace;`?
src/app/blog/adult-birthday-party-ideas/page.tsx(275,165): error TS1109: Expression expected.
src/app/blog/adult-birthday-party-ideas/page.tsx(275,170): error TS1005: '}' expected.
src/app/blog/adult-birthday-party-ideas/page.tsx(275,178): error TS1381: Unexpected token. Did you mean `{'}'}` or `&rbrace;`?
src/app/blog/asian-cuisine-dallas/page.tsx(141,42): error TS1109: Expression expected.
src/app/blog/asian-cuisine-dallas/page.tsx(141,47): error TS1005: ',' expected.
src/app/blog/asian-cuisine-dallas/page.tsx(141,48): error TS1127: Invalid character.
src/app/blog/asian-cuisine-dallas/page.tsx(141,163): error TS1381: Unexpected token. Did you mean `{'}'}` or `&rbrace;`?
src/app/blog/asian-cuisine-dallas/page.tsx(142,40): error TS1005: '}' expected.
src/app/blog/asian-cuisine-dallas/page.tsx(142,157): error TS1381: Unexpected token. Did you mean `{'}'}` or `&rbrace;`?
src/app/blog/asian-cuisine-dallas/page.tsx(143,40): error TS1005: '}' expected.
src/app/blog/asian-cuisine-dallas/page.tsx(143,147): error TS1381: Unexpected token. Did you mean `{'}'}` or `&rbrace;`?
src/app/blog/asian-cuisine-dallas/page.tsx(144,40): error TS1005: '}' expected.
src/app/blog/asian-cuisine-dallas/page.tsx(144,163): error TS1381: Unexpected token. Did you mean `{'}'}` or `&rbrace;`?
src/app/blog/asian-cuisine-dallas/page.tsx(145,42): error TS1382: Unexpected token. Did you mean `{'>'}` or `&gt;`?
src/app/blog/asian-cuisine-dallas/page.tsx(151,35): error TS1381: Unexpected token. Did you mean `{'}'}` or `&rbrace;`?
src/app/blog/baby-shower-venues/page.tsx(155,32): error TS1109: Expression expected.
src/app/blog/baby-shower-venues/page.tsx(155,37): error TS1005: '}' expected.
src/app/blog/baby-shower-venues/page.tsx(155,45): error TS1381: Unexpected token. Did you mean `{'}'}` or `&rbrace;`?
src/app/blog/baby-shower-venues/page.tsx(158,17): error TS1109: Expression expected.
src/app/blog/baby-shower-venues/page.tsx(158,22): error TS1005: '}' expected.
src/app/blog/baby-shower-venues/page.tsx(158,30): error TS1381: Unexpected token. Did you mean `{'}'}` or `&rbrace;`?
src/app/blog/baby-shower-venues/page.tsx(159,13): error TS1109: Expression expected.
src/app/blog/baby-shower-venues/page.tsx(159,18): error TS1005: '}' expected.
src/app/blog/baby-shower-venues/page.tsx(159,26): error TS1381: Unexpected token. Did you mean `{'}'}` or `&rbrace;`?
src/app/blog/baby-shower-venues/page.tsx(162,17): error TS1109: Expression expected.
src/app/blog/baby-shower-venues/page.tsx(162,22): error TS1005: '}' expected.
src/app/blog/baby-shower-venues/page.tsx(162,30): error TS1381: Unexpected token. Did you mean `{'}'}` or `&rbrace;`?
src/app/blog/baby-shower-venues/page.tsx(360,54): error TS1109: Expression expected.
src/app/blog/baby-shower-venues/page.tsx(360,59): error TS1005: '}' expected.
src/app/blog/baby-shower-venues/page.tsx(360,67): error TS1381: Unexpected token. Did you mean `{'}'}` or `&rbrace;`?
src/app/blog/baby-shower-venues/page.tsx(366,52): error TS1109: Expression expected.
src/app/blog/baby-shower-venues/page.tsx(366,57): error TS1005: '}' expected.
src/app/blog/baby-shower-venues/page.tsx(366,65): error TS1381: Unexpected token. Did you mean `{'}'}` or `&rbrace;`?
src/app/blog/best-asian-food-dallas/page.tsx(117,42): error TS1109: Expression expected.
src/app/blog/best-asian-food-dallas/page.tsx(117,48): error TS1005: ',' expected.
src/app/blog/best-asian-food-dallas/page.tsx(117,49): error TS1127: Invalid character.
src/app/blog/best-asian-food-dallas/page.tsx(117,146): error TS1381: Unexpected token. Did you mean `{'}'}` or `&rbrace;`?
src/app/blog/best-asian-food-dallas/page.tsx(118,35): error TS1005: '}' expected.
src/app/blog/best-asian-food-dallas/page.tsx(118,132): error TS1381: Unexpected token. Did you mean `{'}'}` or `&rbrace;`?
src/app/blog/best-asian-food-dallas/page.tsx(119,35): error TS1005: '}' expected.
src/app/blog/best-asian-food-dallas/page.tsx(119,135): error TS1381: Unexpected token. Did you mean `{'}'}` or `&rbrace;`?
src/app/blog/best-asian-food-dallas/page.tsx(120,35): error TS1005: '}' expected.
src/app/blog/best-asian-food-dallas/page.tsx(120,139): error TS1381: Unexpected token. Did you mean `{'}'}` or `&rbrace;`?
src/app/blog/best-asian-food-dallas/page.tsx(121,42): error TS1382: Unexpected token. Did you mean `{'>'}` or `&gt;`?
src/app/blog/best-asian-food-dallas/page.tsx(127,35): error TS1381: Unexpected token. Did you mean `{'}'}` or `&rbrace;`?
src/app/blog/best-asian-food-dallas/page.tsx(133,42): error TS1109: Expression expected.
src/app/blog/best-asian-food-dallas/page.tsx(133,48): error TS1005: ',' expected.
src/app/blog/best-asian-food-dallas/page.tsx(133,49): error TS1127: Invalid character.
src/app/blog/best-asian-food-dallas/page.tsx(133,164): error TS1381: Unexpected token. Did you mean `{'}'}` or `&rbrace;`?
src/app/blog/best-asian-food-dallas/page.tsx(134,35): error TS1005: '}' expected.
src/app/blog/best-asian-food-dallas/page.tsx(134,140): error TS1381: Unexpected token. Did you mean `{'}'}` or `&rbrace;`?
src/app/blog/best-asian-food-dallas/page.tsx(135,35): error TS1005: '}' expected.
src/app/blog/best-asian-food-dallas/page.tsx(135,152): error TS1381: Unexpected token. Did you mean `{'}'}` or `&rbrace;`?
src/app/blog/best-asian-food-dallas/page.tsx(136,35): error TS1005: '}' expected.
src/app/blog/best-asian-food-dallas/page.tsx(136,143): error TS1381: Unexpected token. Did you mean `{'}'}` or `&rbrace;`?
src/app/blog/best-asian-food-dallas/page.tsx(137,42): error TS1382: Unexpected token. Did you mean `{'>'}` or `&gt;`?
src/app/blog/best-asian-food-dallas/page.tsx(143,35): error TS1381: Unexpected token. Did you mean `{'}'}` or `&rbrace;`?
src/app/blog/best-hibachi-dallas-tx/page.tsx(78,9): error TS1136: Property assignment expected.
src/app/blog/best-hibachi-dallas-tx/page.tsx(78,15): error TS1005: ')' expected.
src/app/blog/best-hibachi-dallas-tx/page.tsx(78,16): error TS1136: Property assignment expected.
src/app/blog/best-hibachi-dallas-tx/page.tsx(78,21): error TS1146: Declaration expected.
src/app/blog/best-hibachi-dallas-tx/page.tsx(78,28): error TS1128: Declaration or statement expected.
src/app/blog/best-hibachi-dallas-tx/page.tsx(78,30): error TS1109: Expression expected.
src/app/blog/best-hibachi-dallas-tx/page.tsx(78,54): error TS1128: Declaration or statement expected.
src/app/blog/best-hibachi-dallas-tx/page.tsx(80,19): error TS1005: ';' expected.
src/app/blog/best-hibachi-dallas-tx/page.tsx(81,13): error TS1109: Expression expected.
src/app/blog/best-hibachi-dallas-tx/page.tsx(81,26): error TS1146: Declaration expected.
src/app/blog/best-hibachi-dallas-tx/page.tsx(81,33): error TS1128: Declaration or statement expected.
src/app/blog/best-hibachi-dallas-tx/page.tsx(81,35): error TS1109: Expression expected.
src/app/blog/best-hibachi-dallas-tx/page.tsx(81,57): error TS1128: Declaration or statement expected.
src/app/blog/best-hibachi-dallas-tx/page.tsx(83,9): error TS1109: Expression expected.
src/app/blog/best-hibachi-dallas-tx/page.tsx(83,10): error TS1128: Declaration or statement expected.
src/app/blog/best-hibachi-dallas-tx/page.tsx(84,5): error TS1128: Declaration or statement expected.
src/app/blog/best-hibachi-dallas-tx/page.tsx(84,6): error TS1128: Declaration or statement expected.
src/app/blog/best-hibachi-dallas-tx/page.tsx(84,7): error TS1128: Declaration or statement expected.
src/app/blog/best-hibachi-dallas-tx/page.tsx(84,8): error TS1128: Declaration or statement expected.
src/app/blog/best-hibachi-dallas-tx/page.tsx(85,1): error TS1128: Declaration or statement expected.
src/app/blog/best-hibachi-dallas-tx/page.tsx(89,5): error TS1136: Property assignment expected.
src/app/blog/best-hibachi-dallas-tx/page.tsx(89,21): error TS1146: Declaration expected.
src/app/blog/best-hibachi-dallas-tx/page.tsx(89,28): error TS1128: Declaration or statement expected.
src/app/blog/best-hibachi-dallas-tx/page.tsx(89,30): error TS1109: Expression expected.
src/app/blog/best-hibachi-dallas-tx/page.tsx(90,5): error TS1109: Expression expected.
src/app/blog/best-hibachi-dallas-tx/page.tsx(90,18): error TS1146: Declaration expected.
src/app/blog/best-hibachi-dallas-tx/page.tsx(90,25): error TS1128: Declaration or statement expected.
src/app/blog/best-hibachi-dallas-tx/page.tsx(90,27): error TS1109: Expression expected.
src/app/blog/best-hibachi-dallas-tx/page.tsx(90,57): error TS1128: Declaration or statement expected.
src/app/blog/best-hibachi-dallas-tx/page.tsx(91,5): error TS1109: Expression expected.
src/app/blog/best-hibachi-dallas-tx/page.tsx(91,36): error TS1128: Declaration or statement expected.
src/app/blog/best-hibachi-dallas-tx/page.tsx(92,7): error TS1136: Property assignment expected.
src/app/blog/best-hibachi-dallas-tx/page.tsx(92,13): error TS1005: ',' expected.
src/app/blog/best-hibachi-dallas-tx/page.tsx(92,20): error TS1109: Expression expected.
src/app/blog/best-hibachi-dallas-tx/page.tsx(92,27): error TS1005: ',' expected.
src/app/blog/best-hibachi-dallas-tx/page.tsx(92,28): error TS1137: Expression or comma expected.
src/app/blog/best-hibachi-dallas-tx/page.tsx(92,30): error TS1109: Expression expected.
src/app/blog/best-hibachi-dallas-tx/page.tsx(92,36): error TS1005: ',' expected.
src/app/blog/best-hibachi-dallas-tx/page.tsx(92,53): error TS1005: ',' expected.
src/app/blog/best-hibachi-dallas-tx/page.tsx(92,56): error TS1109: Expression expected.
src/app/blog/best-hibachi-dallas-tx/page.tsx(92,62): error TS1005: ',' expected.
src/app/blog/best-hibachi-dallas-tx/page.tsx(92,79): error TS1005: ',' expected.
src/app/blog/best-hibachi-dallas-tx/page.tsx(92,80): error TS1137: Expression or comma expected.
src/app/blog/best-hibachi-dallas-tx/page.tsx(92,85): error TS1109: Expression expected.
src/app/blog/best-hibachi-dallas-tx/page.tsx(92,91): error TS1005: ',' expected.
src/app/blog/best-hibachi-dallas-tx/page.tsx(92,104): error TS1005: ',' expected.
src/app/blog/best-hibachi-dallas-tx/page.tsx(92,105): error TS1137: Expression or comma expected.
src/app/blog/best-hibachi-dallas-tx/page.tsx(92,107): error TS1109: Expression expected.
src/app/blog/best-hibachi-dallas-tx/page.tsx(92,113): error TS1005: ',' expected.
src/app/blog/best-hibachi-dallas-tx/page.tsx(92,126): error TS1005: ',' expected.
src/app/blog/best-hibachi-dallas-tx/page.tsx(92,129): error TS1109: Expression expected.
src/app/blog/best-hibachi-dallas-tx/page.tsx(92,135): error TS1005: ',' expected.
src/app/blog/best-hibachi-dallas-tx/page.tsx(92,148): error TS1005: ',' expected.
src/app/blog/best-hibachi-dallas-tx/page.tsx(92,149): error TS1137: Expression or comma expected.
src/app/blog/best-hibachi-dallas-tx/page.tsx(92,151): error TS1109: Expression expected.
src/app/blog/best-hibachi-dallas-tx/page.tsx(92,157): error TS1005: ',' expected.
src/app/blog/best-hibachi-dallas-tx/page.tsx(92,164): error TS1005: ',' expected.
src/app/blog/best-hibachi-dallas-tx/page.tsx(93,7): error TS1136: Property assignment expected.
src/app/blog/best-hibachi-dallas-tx/page.tsx(93,13): error TS1005: ',' expected.
src/app/blog/best-hibachi-dallas-tx/page.tsx(93,20): error TS1109: Expression expected.
src/app/blog/best-hibachi-dallas-tx/page.tsx(93,27): error TS1005: ',' expected.
src/app/blog/best-hibachi-dallas-tx/page.tsx(93,28): error TS1137: Expression or comma expected.
src/app/blog/best-hibachi-dallas-tx/page.tsx(93,30): error TS1109: Expression expected.
src/app/blog/best-hibachi-dallas-tx/page.tsx(93,36): error TS1005: ',' expected.
src/app/blog/best-hibachi-dallas-tx/page.tsx(93,53): error TS1005: ',' expected.
src/app/blog/best-hibachi-dallas-tx/page.tsx(93,56): error TS1109: Expression expected.
src/app/blog/best-hibachi-dallas-tx/page.tsx(93,62): error TS1005: ',' expected.
src/app/blog/best-hibachi-dallas-tx/page.tsx(93,79): error TS1005: ',' expected.
src/app/blog/best-hibachi-dallas-tx/page.tsx(93,80): error TS1137: Expression or comma expected.
src/app/blog/best-hibachi-dallas-tx/page.tsx(93,85): error TS1109: Expression expected.
src/app/blog/best-hibachi-dallas-tx/page.tsx(93,91): error TS1005: ',' expected.
src/app/blog/best-hibachi-dallas-tx/page.tsx(93,104): error TS1005: ',' expected.
src/app/blog/best-hibachi-dallas-tx/page.tsx(93,105): error TS1137: Expression or comma expected.
src/app/blog/best-hibachi-dallas-tx/page.tsx(93,107): error TS1109: Expression expected.
src/app/blog/best-hibachi-dallas-tx/page.tsx(93,113): error TS1005: ',' expected.
src/app/blog/best-hibachi-dallas-tx/page.tsx(93,126): error TS1005: ',' expected.
src/app/blog/best-hibachi-dallas-tx/page.tsx(93,129): error TS1109: Expression expected.
src/app/blog/best-hibachi-dallas-tx/page.tsx(93,135): error TS1005: ',' expected.
src/app/blog/best-hibachi-dallas-tx/page.tsx(93,148): error TS1005: ',' expected.
src/app/blog/best-hibachi-dallas-tx/page.tsx(93,149): error TS1137: Expression or comma expected.
src/app/blog/best-hibachi-dallas-tx/page.tsx(93,151): error TS1109: Expression expected.
src/app/blog/best-hibachi-dallas-tx/page.tsx(93,157): error TS1005: ',' expected.
src/app/blog/best-hibachi-dallas-tx/page.tsx(93,164): error TS1005: ',' expected.
src/app/blog/best-hibachi-dallas-tx/page.tsx(94,7): error TS1136: Property assignment expected.
src/app/blog/best-hibachi-dallas-tx/page.tsx(94,13): error TS1005: ',' expected.
src/app/blog/best-hibachi-dallas-tx/page.tsx(94,20): error TS1109: Expression expected.
src/app/blog/best-hibachi-dallas-tx/page.tsx(94,27): error TS1005: ',' expected.
src/app/blog/best-hibachi-dallas-tx/page.tsx(94,28): error TS1137: Expression or comma expected.
src/app/blog/best-hibachi-dallas-tx/page.tsx(94,30): error TS1109: Expression expected.
src/app/blog/best-hibachi-dallas-tx/page.tsx(94,36): error TS1005: ',' expected.
src/app/blog/best-hibachi-dallas-tx/page.tsx(94,53): error TS1005: ',' expected.
src/app/blog/best-hibachi-dallas-tx/page.tsx(94,56): error TS1109: Expression expected.
src/app/blog/best-hibachi-dallas-tx/page.tsx(94,62): error TS1005: ',' expected.
src/app/blog/best-hibachi-dallas-tx/page.tsx(94,79): error TS1005: ',' expected.
src/app/blog/best-hibachi-dallas-tx/page.tsx(94,80): error TS1137: Expression or comma expected.
src/app/blog/best-hibachi-dallas-tx/page.tsx(94,85): error TS1109: Expression expected.
src/app/blog/best-hibachi-dallas-tx/page.tsx(94,91): error TS1005: ',' expected.
src/app/blog/best-hibachi-dallas-tx/page.tsx(94,104): error TS1005: ',' expected.
src/app/blog/best-hibachi-dallas-tx/page.tsx(94,105): error TS1137: Expression or comma expected.
src/app/blog/best-hibachi-dallas-tx/page.tsx(94,107): error TS1109: Expression expected.
src/app/blog/best-hibachi-dallas-tx/page.tsx(94,113): error TS1005: ',' expected.
src/app/blog/best-hibachi-dallas-tx/page.tsx(94,126): error TS1005: ',' expected.
src/app/blog/best-hibachi-dallas-tx/page.tsx(94,129): error TS1109: Expression expected.
src/app/blog/best-hibachi-dallas-tx/page.tsx(94,135): error TS1005: ',' expected.
src/app/blog/best-hibachi-dallas-tx/page.tsx(94,148): error TS1005: ',' expected.
src/app/blog/best-hibachi-dallas-tx/page.tsx(94,149): error TS1137: Expression or comma expected.
src/app/blog/best-hibachi-dallas-tx/page.tsx(94,151): error TS1109: Expression expected.
src/app/blog/best-hibachi-dallas-tx/page.tsx(94,157): error TS1005: ',' expected.
src/app/blog/best-hibachi-dallas-tx/page.tsx(94,164): error TS1005: ',' expected.
src/app/blog/best-hibachi-dallas-tx/page.tsx(95,7): error TS1136: Property assignment expected.
src/app/blog/best-hibachi-dallas-tx/page.tsx(95,13): error TS1005: ',' expected.
src/app/blog/best-hibachi-dallas-tx/page.tsx(95,20): error TS1109: Expression expected.
src/app/blog/best-hibachi-dallas-tx/page.tsx(95,27): error TS1005: ',' expected.
src/app/blog/best-hibachi-dallas-tx/page.tsx(95,28): error TS1137: Expression or comma expected.
src/app/blog/best-hibachi-dallas-tx/page.tsx(95,30): error TS1109: Expression expected.
src/app/blog/best-hibachi-dallas-tx/page.tsx(95,36): error TS1005: ',' expected.
src/app/blog/best-hibachi-dallas-tx/page.tsx(95,53): error TS1005: ',' expected.
src/app/blog/best-hibachi-dallas-tx/page.tsx(95,56): error TS1109: Expression expected.
src/app/blog/best-hibachi-dallas-tx/page.tsx(95,62): error TS1005: ',' expected.
src/app/blog/best-hibachi-dallas-tx/page.tsx(95,79): error TS1005: ',' expected.
src/app/blog/best-hibachi-dallas-tx/page.tsx(95,80): error TS1137: Expression or comma expected.
src/app/blog/best-hibachi-dallas-tx/page.tsx(95,85): error TS1109: Expression expected.
src/app/blog/best-hibachi-dallas-tx/page.tsx(95,91): error TS1005: ',' expected.
src/app/blog/best-hibachi-dallas-tx/page.tsx(95,104): error TS1005: ',' expected.
src/app/blog/best-hibachi-dallas-tx/page.tsx(95,105): error TS1137: Expression or comma expected.
src/app/blog/best-hibachi-dallas-tx/page.tsx(95,107): error TS1109: Expression expected.
src/app/blog/best-hibachi-dallas-tx/page.tsx(95,113): error TS1005: ',' expected.
src/app/blog/best-hibachi-dallas-tx/page.tsx(95,120): error TS1005: ',' expected.
src/app/blog/best-hibachi-dallas-tx/page.tsx(95,128): error TS1005: ',' expected.
src/app/blog/best-hibachi-dallas-tx/page.tsx(95,135): error TS1005: ',' expected.
src/app/blog/best-hibachi-dallas-tx/page.tsx(95,137): error TS1005: ',' expected.
src/app/blog/best-hibachi-dallas-tx/page.tsx(95,143): error TS1005: ',' expected.
src/app/blog/best-hibachi-dallas-tx/page.tsx(95,152): error TS1005: ',' expected.
src/app/blog/best-hibachi-dallas-tx/page.tsx(95,170): error TS1005: ',' expected.
src/app/blog/best-hibachi-dallas-tx/page.tsx(95,172): error TS1137: Expression or comma expected.
src/app/blog/best-hibachi-dallas-tx/page.tsx(97,1): error TS1109: Expression expected.
src/app/blog/best-hibachi-dallas/page.tsx(105,49): error TS1109: Expression expected.
src/app/blog/best-hibachi-dallas/page.tsx(105,54): error TS1005: '}' expected.
src/app/blog/best-hibachi-dallas/page.tsx(105,62): error TS1381: Unexpected token. Did you mean `{'}'}` or `&rbrace;`?
src/app/blog/best-hibachi-dallas/page.tsx(128,14): error TS1109: Expression expected.
src/app/blog/best-hibachi-dallas/page.tsx(128,19): error TS1005: '}' expected.
src/app/blog/best-hibachi-dallas/page.tsx(128,27): error TS1381: Unexpected token. Did you mean `{'}'}` or `&rbrace;`?
src/app/blog/best-hibachi-dallas/page.tsx(131,17): error TS1109: Expression expected.
src/app/blog/best-hibachi-dallas/page.tsx(131,22): error TS1005: '}' expected.
src/app/blog/best-hibachi-dallas/page.tsx(131,30): error TS1381: Unexpected token. Did you mean `{'}'}` or `&rbrace;`?
src/app/blog/best-hibachi-dallas/page.tsx(132,13): error TS1109: Expression expected.
src/app/blog/best-hibachi-dallas/page.tsx(132,18): error TS1005: '}' expected.
src/app/blog/best-hibachi-dallas/page.tsx(132,26): error TS1381: Unexpected token. Did you mean `{'}'}` or `&rbrace;`?
src/app/blog/best-hibachi-dallas/page.tsx(135,17): error TS1109: Expression expected.
src/app/blog/best-hibachi-dallas/page.tsx(135,22): error TS1005: '}' expected.
src/app/blog/best-hibachi-dallas/page.tsx(135,30): error TS1381: Unexpected token. Did you mean `{'}'}` or `&rbrace;`?
src/app/blog/best-hibachi-dallas/page.tsx(152,73): error TS1109: Expression expected.
src/app/blog/best-hibachi-dallas/page.tsx(152,78): error TS1005: '}' expected.
src/app/blog/best-hibachi-dallas/page.tsx(152,86): error TS1381: Unexpected token. Did you mean `{'}'}` or `&rbrace;`?
src/app/blog/best-restaurants-stonebriar/page.tsx(66,9): error TS1136: Property assignment expected.
src/app/blog/best-restaurants-stonebriar/page.tsx(66,15): error TS1005: ')' expected.
src/app/blog/best-restaurants-stonebriar/page.tsx(66,16): error TS1136: Property assignment expected.
src/app/blog/best-restaurants-stonebriar/page.tsx(66,21): error TS1146: Declaration expected.
src/app/blog/best-restaurants-stonebriar/page.tsx(66,28): error TS1128: Declaration or statement expected.
src/app/blog/best-restaurants-stonebriar/page.tsx(66,30): error TS1109: Expression expected.
src/app/blog/best-restaurants-stonebriar/page.tsx(66,54): error TS1128: Declaration or statement expected.
src/app/blog/best-restaurants-stonebriar/page.tsx(68,19): error TS1005: ';' expected.
src/app/blog/best-restaurants-stonebriar/page.tsx(69,13): error TS1109: Expression expected.
src/app/blog/best-restaurants-stonebriar/page.tsx(69,26): error TS1146: Declaration expected.
src/app/blog/best-restaurants-stonebriar/page.tsx(69,33): error TS1128: Declaration or statement expected.
src/app/blog/best-restaurants-stonebriar/page.tsx(69,35): error TS1109: Expression expected.
src/app/blog/best-restaurants-stonebriar/page.tsx(69,57): error TS1128: Declaration or statement expected.
src/app/blog/best-restaurants-stonebriar/page.tsx(71,9): error TS1109: Expression expected.
src/app/blog/best-restaurants-stonebriar/page.tsx(71,10): error TS1128: Declaration or statement expected.
src/app/blog/best-restaurants-stonebriar/page.tsx(72,5): error TS1128: Declaration or statement expected.
src/app/blog/best-restaurants-stonebriar/page.tsx(72,6): error TS1128: Declaration or statement expected.
src/app/blog/best-restaurants-stonebriar/page.tsx(72,7): error TS1128: Declaration or statement expected.
src/app/blog/best-restaurants-stonebriar/page.tsx(72,8): error TS1128: Declaration or statement expected.
src/app/blog/best-restaurants-stonebriar/page.tsx(73,1): error TS1128: Declaration or statement expected.
src/app/blog/best-restaurants-stonebriar/page.tsx(77,5): error TS1136: Property assignment expected.
src/app/blog/best-restaurants-stonebriar/page.tsx(77,21): error TS1146: Declaration expected.
src/app/blog/best-restaurants-stonebriar/page.tsx(77,28): error TS1128: Declaration or statement expected.
src/app/blog/best-restaurants-stonebriar/page.tsx(77,30): error TS1109: Expression expected.
src/app/blog/best-restaurants-stonebriar/page.tsx(78,5): error TS1109: Expression expected.
src/app/blog/best-restaurants-stonebriar/page.tsx(78,18): error TS1146: Declaration expected.
src/app/blog/best-restaurants-stonebriar/page.tsx(78,25): error TS1128: Declaration or statement expected.
src/app/blog/best-restaurants-stonebriar/page.tsx(78,27): error TS1109: Expression expected.
src/app/blog/best-restaurants-stonebriar/page.tsx(78,57): error TS1128: Declaration or statement expected.
src/app/blog/best-restaurants-stonebriar/page.tsx(79,5): error TS1109: Expression expected.
src/app/blog/best-restaurants-stonebriar/page.tsx(79,36): error TS1128: Declaration or statement expected.
src/app/blog/best-restaurants-stonebriar/page.tsx(80,7): error TS1136: Property assignment expected.
src/app/blog/best-restaurants-stonebriar/page.tsx(80,13): error TS1005: ',' expected.
src/app/blog/best-restaurants-stonebriar/page.tsx(80,20): error TS1109: Expression expected.
src/app/blog/best-restaurants-stonebriar/page.tsx(80,27): error TS1005: ',' expected.
src/app/blog/best-restaurants-stonebriar/page.tsx(80,28): error TS1137: Expression or comma expected.
src/app/blog/best-restaurants-stonebriar/page.tsx(80,30): error TS1109: Expression expected.
src/app/blog/best-restaurants-stonebriar/page.tsx(80,36): error TS1005: ',' expected.
src/app/blog/best-restaurants-stonebriar/page.tsx(80,53): error TS1005: ',' expected.
src/app/blog/best-restaurants-stonebriar/page.tsx(80,56): error TS1109: Expression expected.
src/app/blog/best-restaurants-stonebriar/page.tsx(80,62): error TS1005: ',' expected.
src/app/blog/best-restaurants-stonebriar/page.tsx(80,79): error TS1005: ',' expected.
src/app/blog/best-restaurants-stonebriar/page.tsx(80,80): error TS1137: Expression or comma expected.
src/app/blog/best-restaurants-stonebriar/page.tsx(80,85): error TS1109: Expression expected.
src/app/blog/best-restaurants-stonebriar/page.tsx(80,91): error TS1005: ',' expected.
src/app/blog/best-restaurants-stonebriar/page.tsx(80,104): error TS1005: ',' expected.
src/app/blog/best-restaurants-stonebriar/page.tsx(80,105): error TS1137: Expression or comma expected.
src/app/blog/best-restaurants-stonebriar/page.tsx(80,107): error TS1109: Expression expected.
src/app/blog/best-restaurants-stonebriar/page.tsx(80,113): error TS1005: ',' expected.
src/app/blog/best-restaurants-stonebriar/page.tsx(80,126): error TS1005: ',' expected.
src/app/blog/best-restaurants-stonebriar/page.tsx(80,129): error TS1109: Expression expected.
src/app/blog/best-restaurants-stonebriar/page.tsx(80,135): error TS1005: ',' expected.
src/app/blog/best-restaurants-stonebriar/page.tsx(80,148): error TS1005: ',' expected.
src/app/blog/best-restaurants-stonebriar/page.tsx(80,149): error TS1137: Expression or comma expected.
src/app/blog/best-restaurants-stonebriar/page.tsx(80,151): error TS1109: Expression expected.
src/app/blog/best-restaurants-stonebriar/page.tsx(80,157): error TS1005: ',' expected.
src/app/blog/best-restaurants-stonebriar/page.tsx(80,164): error TS1005: ',' expected.
src/app/blog/best-restaurants-stonebriar/page.tsx(81,7): error TS1136: Property assignment expected.
src/app/blog/best-restaurants-stonebriar/page.tsx(81,13): error TS1005: ',' expected.
src/app/blog/best-restaurants-stonebriar/page.tsx(81,20): error TS1109: Expression expected.
src/app/blog/best-restaurants-stonebriar/page.tsx(81,27): error TS1005: ',' expected.
src/app/blog/best-restaurants-stonebriar/page.tsx(81,28): error TS1137: Expression or comma expected.
src/app/blog/best-restaurants-stonebriar/page.tsx(81,30): error TS1109: Expression expected.
src/app/blog/best-restaurants-stonebriar/page.tsx(81,36): error TS1005: ',' expected.
src/app/blog/best-restaurants-stonebriar/page.tsx(81,53): error TS1005: ',' expected.
src/app/blog/best-restaurants-stonebriar/page.tsx(81,56): error TS1109: Expression expected.
src/app/blog/best-restaurants-stonebriar/page.tsx(81,62): error TS1005: ',' expected.
src/app/blog/best-restaurants-stonebriar/page.tsx(81,79): error TS1005: ',' expected.
src/app/blog/best-restaurants-stonebriar/page.tsx(81,80): error TS1137: Expression or comma expected.
src/app/blog/best-restaurants-stonebriar/page.tsx(81,85): error TS1109: Expression expected.
src/app/blog/best-restaurants-stonebriar/page.tsx(81,91): error TS1005: ',' expected.
src/app/blog/best-restaurants-stonebriar/page.tsx(81,104): error TS1005: ',' expected.
src/app/blog/best-restaurants-stonebriar/page.tsx(81,105): error TS1137: Expression or comma expected.
src/app/blog/best-restaurants-stonebriar/page.tsx(81,107): error TS1109: Expression expected.
src/app/blog/best-restaurants-stonebriar/page.tsx(81,113): error TS1005: ',' expected.
src/app/blog/best-restaurants-stonebriar/page.tsx(81,126): error TS1005: ',' expected.
src/app/blog/best-restaurants-stonebriar/page.tsx(81,129): error TS1109: Expression expected.
src/app/blog/best-restaurants-stonebriar/page.tsx(81,135): error TS1005: ',' expected.
src/app/blog/best-restaurants-stonebriar/page.tsx(81,148): error TS1005: ',' expected.
src/app/blog/best-restaurants-stonebriar/page.tsx(81,149): error TS1137: Expression or comma expected.
src/app/blog/best-restaurants-stonebriar/page.tsx(81,151): error TS1109: Expression expected.
src/app/blog/best-restaurants-stonebriar/page.tsx(81,157): error TS1005: ',' expected.
src/app/blog/best-restaurants-stonebriar/page.tsx(81,164): error TS1005: ',' expected.
src/app/blog/best-restaurants-stonebriar/page.tsx(82,7): error TS1136: Property assignment expected.
src/app/blog/best-restaurants-stonebriar/page.tsx(82,13): error TS1005: ',' expected.
src/app/blog/best-restaurants-stonebriar/page.tsx(82,20): error TS1109: Expression expected.
src/app/blog/best-restaurants-stonebriar/page.tsx(82,27): error TS1005: ',' expected.
src/app/blog/best-restaurants-stonebriar/page.tsx(82,28): error TS1137: Expression or comma expected.
src/app/blog/best-restaurants-stonebriar/page.tsx(82,30): error TS1109: Expression expected.
src/app/blog/best-restaurants-stonebriar/page.tsx(82,36): error TS1005: ',' expected.
src/app/blog/best-restaurants-stonebriar/page.tsx(82,53): error TS1005: ',' expected.
src/app/blog/best-restaurants-stonebriar/page.tsx(82,56): error TS1109: Expression expected.
src/app/blog/best-restaurants-stonebriar/page.tsx(82,62): error TS1005: ',' expected.
src/app/blog/best-restaurants-stonebriar/page.tsx(82,79): error TS1005: ',' expected.
src/app/blog/best-restaurants-stonebriar/page.tsx(82,80): error TS1137: Expression or comma expected.
src/app/blog/best-restaurants-stonebriar/page.tsx(82,85): error TS1109: Expression expected.
src/app/blog/best-restaurants-stonebriar/page.tsx(82,91): error TS1005: ',' expected.
src/app/blog/best-restaurants-stonebriar/page.tsx(82,104): error TS1005: ',' expected.
src/app/blog/best-restaurants-stonebriar/page.tsx(82,105): error TS1137: Expression or comma expected.
src/app/blog/best-restaurants-stonebriar/page.tsx(82,107): error TS1109: Expression expected.
src/app/blog/best-restaurants-stonebriar/page.tsx(82,113): error TS1005: ',' expected.
src/app/blog/best-restaurants-stonebriar/page.tsx(82,131): error TS1005: ',' expected.
src/app/blog/best-restaurants-stonebriar/page.tsx(82,134): error TS1109: Expression expected.
src/app/blog/best-restaurants-stonebriar/page.tsx(82,140): error TS1005: ',' expected.
src/app/blog/best-restaurants-stonebriar/page.tsx(82,153): error TS1005: ',' expected.
src/app/blog/best-restaurants-stonebriar/page.tsx(82,154): error TS1137: Expression or comma expected.
src/app/blog/best-restaurants-stonebriar/page.tsx(82,156): error TS1109: Expression expected.
src/app/blog/best-restaurants-stonebriar/page.tsx(82,162): error TS1005: ',' expected.
src/app/blog/best-restaurants-stonebriar/page.tsx(82,169): error TS1005: ',' expected.
src/app/blog/best-restaurants-stonebriar/page.tsx(83,7): error TS1136: Property assignment expected.
src/app/blog/best-restaurants-stonebriar/page.tsx(83,13): error TS1005: ',' expected.
src/app/blog/best-restaurants-stonebriar/page.tsx(83,20): error TS1109: Expression expected.
src/app/blog/best-restaurants-stonebriar/page.tsx(83,27): error TS1005: ',' expected.
src/app/blog/best-restaurants-stonebriar/page.tsx(83,28): error TS1137: Expression or comma expected.
src/app/blog/best-restaurants-stonebriar/page.tsx(83,30): error TS1109: Expression expected.
src/app/blog/best-restaurants-stonebriar/page.tsx(83,36): error TS1005: ',' expected.
src/app/blog/best-restaurants-stonebriar/page.tsx(83,53): error TS1005: ',' expected.
src/app/blog/best-restaurants-stonebriar/page.tsx(83,56): error TS1109: Expression expected.
src/app/blog/best-restaurants-stonebriar/page.tsx(83,62): error TS1005: ',' expected.
src/app/blog/best-restaurants-stonebriar/page.tsx(83,79): error TS1005: ',' expected.
src/app/blog/best-restaurants-stonebriar/page.tsx(83,80): error TS1137: Expression or comma expected.
src/app/blog/best-restaurants-stonebriar/page.tsx(83,85): error TS1109: Expression expected.
src/app/blog/best-restaurants-stonebriar/page.tsx(83,91): error TS1005: ',' expected.
src/app/blog/best-restaurants-stonebriar/page.tsx(83,104): error TS1005: ',' expected.
src/app/blog/best-restaurants-stonebriar/page.tsx(83,105): error TS1137: Expression or comma expected.
src/app/blog/best-restaurants-stonebriar/page.tsx(83,107): error TS1109: Expression expected.
src/app/blog/best-restaurants-stonebriar/page.tsx(83,113): error TS1005: ',' expected.
src/app/blog/best-restaurants-stonebriar/page.tsx(83,120): error TS1005: ',' expected.
src/app/blog/best-restaurants-stonebriar/page.tsx(83,132): error TS1005: ',' expected.
src/app/blog/best-restaurants-stonebriar/page.tsx(83,137): error TS1005: ',' expected.
src/app/blog/best-restaurants-stonebriar/page.tsx(83,148): error TS1005: ',' expected.
src/app/blog/best-restaurants-stonebriar/page.tsx(83,153): error TS1005: ',' expected.
src/app/blog/best-restaurants-stonebriar/page.tsx(83,160): error TS1005: ',' expected.
src/app/blog/best-restaurants-stonebriar/page.tsx(83,169): error TS1005: ',' expected.
src/app/blog/best-restaurants-stonebriar/page.tsx(83,171): error TS1137: Expression or comma expected.
src/app/blog/best-restaurants-stonebriar/page.tsx(85,1): error TS1109: Expression expected.
src/app/blog/best-salmon-sashimi/page.tsx(71,9): error TS1136: Property assignment expected.
src/app/blog/best-salmon-sashimi/page.tsx(71,14): error TS1005: ')' expected.
src/app/blog/best-salmon-sashimi/page.tsx(71,15): error TS1136: Property assignment expected.
src/app/blog/best-salmon-sashimi/page.tsx(71,20): error TS1146: Declaration expected.
src/app/blog/best-salmon-sashimi/page.tsx(71,26): error TS1128: Declaration or statement expected.
src/app/blog/best-salmon-sashimi/page.tsx(71,28): error TS1109: Expression expected.
src/app/blog/best-salmon-sashimi/page.tsx(71,48): error TS1128: Declaration or statement expected.
src/app/blog/best-salmon-sashimi/page.tsx(73,23): error TS1005: ';' expected.
src/app/blog/best-salmon-sashimi/page.tsx(74,13): error TS1109: Expression expected.
src/app/blog/best-salmon-sashimi/page.tsx(74,24): error TS1146: Declaration expected.
src/app/blog/best-salmon-sashimi/page.tsx(74,30): error TS1128: Declaration or statement expected.
src/app/blog/best-salmon-sashimi/page.tsx(74,32): error TS1109: Expression expected.
src/app/blog/best-salmon-sashimi/page.tsx(74,50): error TS1128: Declaration or statement expected.
src/app/blog/best-salmon-sashimi/page.tsx(76,9): error TS1109: Expression expected.
src/app/blog/best-salmon-sashimi/page.tsx(76,10): error TS1128: Declaration or statement expected.
src/app/blog/best-salmon-sashimi/page.tsx(77,5): error TS1128: Declaration or statement expected.
src/app/blog/best-salmon-sashimi/page.tsx(77,6): error TS1128: Declaration or statement expected.
src/app/blog/best-salmon-sashimi/page.tsx(77,7): error TS1128: Declaration or statement expected.
src/app/blog/best-salmon-sashimi/page.tsx(77,8): error TS1128: Declaration or statement expected.
src/app/blog/best-salmon-sashimi/page.tsx(78,1): error TS1128: Declaration or statement expected.
src/app/blog/best-salmon-sashimi/page.tsx(82,5): error TS1136: Property assignment expected.
src/app/blog/best-salmon-sashimi/page.tsx(82,19): error TS1146: Declaration expected.
src/app/blog/best-salmon-sashimi/page.tsx(82,25): error TS1128: Declaration or statement expected.
src/app/blog/best-salmon-sashimi/page.tsx(82,27): error TS1109: Expression expected.
src/app/blog/best-salmon-sashimi/page.tsx(83,5): error TS1109: Expression expected.
src/app/blog/best-salmon-sashimi/page.tsx(83,16): error TS1146: Declaration expected.
src/app/blog/best-salmon-sashimi/page.tsx(83,22): error TS1128: Declaration or statement expected.
src/app/blog/best-salmon-sashimi/page.tsx(83,24): error TS1109: Expression expected.
src/app/blog/best-salmon-sashimi/page.tsx(83,50): error TS1128: Declaration or statement expected.
src/app/blog/best-salmon-sashimi/page.tsx(84,5): error TS1109: Expression expected.
src/app/blog/best-salmon-sashimi/page.tsx(84,32): error TS1128: Declaration or statement expected.
src/app/blog/best-salmon-sashimi/page.tsx(85,11): error TS1136: Property assignment expected.
src/app/blog/best-salmon-sashimi/page.tsx(85,16): error TS1005: ',' expected.
src/app/blog/best-salmon-sashimi/page.tsx(85,22): error TS1109: Expression expected.
src/app/blog/best-salmon-sashimi/page.tsx(85,27): error TS1005: ',' expected.
src/app/blog/best-salmon-sashimi/page.tsx(85,28): error TS1137: Expression or comma expected.
src/app/blog/best-salmon-sashimi/page.tsx(85,30): error TS1109: Expression expected.
src/app/blog/best-salmon-sashimi/page.tsx(85,35): error TS1005: ',' expected.
src/app/blog/best-salmon-sashimi/page.tsx(85,49): error TS1005: ',' expected.
src/app/blog/best-salmon-sashimi/page.tsx(85,52): error TS1109: Expression expected.
src/app/blog/best-salmon-sashimi/page.tsx(85,57): error TS1005: ',' expected.
src/app/blog/best-salmon-sashimi/page.tsx(85,71): error TS1005: ',' expected.
src/app/blog/best-salmon-sashimi/page.tsx(85,72): error TS1137: Expression or comma expected.
src/app/blog/best-salmon-sashimi/page.tsx(85,77): error TS1109: Expression expected.
src/app/blog/best-salmon-sashimi/page.tsx(85,82): error TS1005: ',' expected.
src/app/blog/best-salmon-sashimi/page.tsx(85,92): error TS1005: ',' expected.
src/app/blog/best-salmon-sashimi/page.tsx(85,93): error TS1137: Expression or comma expected.
src/app/blog/best-salmon-sashimi/page.tsx(85,95): error TS1109: Expression expected.
src/app/blog/best-salmon-sashimi/page.tsx(85,100): error TS1005: ',' expected.
src/app/blog/best-salmon-sashimi/page.tsx(85,110): error TS1005: ',' expected.
src/app/blog/best-salmon-sashimi/page.tsx(85,113): error TS1109: Expression expected.
src/app/blog/best-salmon-sashimi/page.tsx(85,118): error TS1005: ',' expected.
src/app/blog/best-salmon-sashimi/page.tsx(85,128): error TS1005: ',' expected.
src/app/blog/best-salmon-sashimi/page.tsx(85,129): error TS1137: Expression or comma expected.
src/app/blog/best-salmon-sashimi/page.tsx(85,131): error TS1109: Expression expected.
src/app/blog/best-salmon-sashimi/page.tsx(85,136): error TS1005: ',' expected.
src/app/blog/best-salmon-sashimi/page.tsx(85,142): error TS1005: ',' expected.
src/app/blog/best-salmon-sashimi/page.tsx(86,11): error TS1136: Property assignment expected.
src/app/blog/best-salmon-sashimi/page.tsx(86,16): error TS1005: ',' expected.
src/app/blog/best-salmon-sashimi/page.tsx(86,22): error TS1109: Expression expected.
src/app/blog/best-salmon-sashimi/page.tsx(86,27): error TS1005: ',' expected.
src/app/blog/best-salmon-sashimi/page.tsx(86,28): error TS1137: Expression or comma expected.
src/app/blog/best-salmon-sashimi/page.tsx(86,30): error TS1109: Expression expected.
src/app/blog/best-salmon-sashimi/page.tsx(86,35): error TS1005: ',' expected.
src/app/blog/best-salmon-sashimi/page.tsx(86,49): error TS1005: ',' expected.
src/app/blog/best-salmon-sashimi/page.tsx(86,52): error TS1109: Expression expected.
src/app/blog/best-salmon-sashimi/page.tsx(86,57): error TS1005: ',' expected.
src/app/blog/best-salmon-sashimi/page.tsx(86,71): error TS1005: ',' expected.
src/app/blog/best-salmon-sashimi/page.tsx(86,72): error TS1137: Expression or comma expected.
src/app/blog/best-salmon-sashimi/page.tsx(86,77): error TS1109: Expression expected.
src/app/blog/best-salmon-sashimi/page.tsx(86,82): error TS1005: ',' expected.
src/app/blog/best-salmon-sashimi/page.tsx(86,92): error TS1005: ',' expected.
src/app/blog/best-salmon-sashimi/page.tsx(86,93): error TS1137: Expression or comma expected.
src/app/blog/best-salmon-sashimi/page.tsx(86,95): error TS1109: Expression expected.
src/app/blog/best-salmon-sashimi/page.tsx(86,100): error TS1005: ',' expected.
src/app/blog/best-salmon-sashimi/page.tsx(86,110): error TS1005: ',' expected.
src/app/blog/best-salmon-sashimi/page.tsx(86,113): error TS1109: Expression expected.
src/app/blog/best-salmon-sashimi/page.tsx(86,118): error TS1005: ',' expected.
src/app/blog/best-salmon-sashimi/page.tsx(86,128): error TS1005: ',' expected.
src/app/blog/best-salmon-sashimi/page.tsx(86,129): error TS1137: Expression or comma expected.
src/app/blog/best-salmon-sashimi/page.tsx(86,131): error TS1109: Expression expected.
src/app/blog/best-salmon-sashimi/page.tsx(86,136): error TS1005: ',' expected.
src/app/blog/best-salmon-sashimi/page.tsx(86,142): error TS1005: ',' expected.
src/app/blog/best-salmon-sashimi/page.tsx(87,11): error TS1136: Property assignment expected.
src/app/blog/best-salmon-sashimi/page.tsx(87,16): error TS1005: ',' expected.
src/app/blog/best-salmon-sashimi/page.tsx(87,22): error TS1109: Expression expected.
src/app/blog/best-salmon-sashimi/page.tsx(87,27): error TS1005: ',' expected.
src/app/blog/best-salmon-sashimi/page.tsx(87,28): error TS1137: Expression or comma expected.
src/app/blog/best-salmon-sashimi/page.tsx(87,30): error TS1109: Expression expected.
src/app/blog/best-salmon-sashimi/page.tsx(87,35): error TS1005: ',' expected.
src/app/blog/best-salmon-sashimi/page.tsx(87,49): error TS1005: ',' expected.
src/app/blog/best-salmon-sashimi/page.tsx(87,52): error TS1109: Expression expected.
src/app/blog/best-salmon-sashimi/page.tsx(87,57): error TS1005: ',' expected.
src/app/blog/best-salmon-sashimi/page.tsx(87,71): error TS1005: ',' expected.
src/app/blog/best-salmon-sashimi/page.tsx(87,72): error TS1137: Expression or comma expected.
src/app/blog/best-salmon-sashimi/page.tsx(87,77): error TS1109: Expression expected.
src/app/blog/best-salmon-sashimi/page.tsx(87,82): error TS1005: ',' expected.
src/app/blog/best-salmon-sashimi/page.tsx(87,92): error TS1005: ',' expected.
src/app/blog/best-salmon-sashimi/page.tsx(87,93): error TS1137: Expression or comma expected.
src/app/blog/best-salmon-sashimi/page.tsx(87,95): error TS1109: Expression expected.
src/app/blog/best-salmon-sashimi/page.tsx(87,100): error TS1005: ',' expected.
src/app/blog/best-salmon-sashimi/page.tsx(87,108): error TS1005: ',' expected.
src/app/blog/best-salmon-sashimi/page.tsx(87,114): error TS1005: ',' expected.
src/app/blog/best-salmon-sashimi/page.tsx(87,123): error TS1005: ',' expected.
src/app/blog/best-salmon-sashimi/page.tsx(87,126): error TS1109: Expression expected.
src/app/blog/best-salmon-sashimi/page.tsx(87,131): error TS1005: ',' expected.
src/app/blog/best-salmon-sashimi/page.tsx(87,141): error TS1005: ',' expected.
src/app/blog/best-salmon-sashimi/page.tsx(87,142): error TS1137: Expression or comma expected.
src/app/blog/best-salmon-sashimi/page.tsx(87,144): error TS1109: Expression expected.
src/app/blog/best-salmon-sashimi/page.tsx(87,149): error TS1005: ',' expected.
src/app/blog/best-salmon-sashimi/page.tsx(87,155): error TS1005: ',' expected.
src/app/blog/best-salmon-sashimi/page.tsx(88,11): error TS1136: Property assignment expected.
src/app/blog/best-salmon-sashimi/page.tsx(88,16): error TS1005: ',' expected.
src/app/blog/best-salmon-sashimi/page.tsx(88,22): error TS1109: Expression expected.
src/app/blog/best-salmon-sashimi/page.tsx(88,27): error TS1005: ',' expected.
src/app/blog/best-salmon-sashimi/page.tsx(88,28): error TS1137: Expression or comma expected.
src/app/blog/best-salmon-sashimi/page.tsx(88,30): error TS1109: Expression expected.
src/app/blog/best-salmon-sashimi/page.tsx(88,35): error TS1005: ',' expected.
src/app/blog/best-salmon-sashimi/page.tsx(88,49): error TS1005: ',' expected.
src/app/blog/best-salmon-sashimi/page.tsx(88,52): error TS1109: Expression expected.
src/app/blog/best-salmon-sashimi/page.tsx(88,57): error TS1005: ',' expected.
src/app/blog/best-salmon-sashimi/page.tsx(88,71): error TS1005: ',' expected.
src/app/blog/best-salmon-sashimi/page.tsx(88,72): error TS1137: Expression or comma expected.
src/app/blog/best-salmon-sashimi/page.tsx(88,77): error TS1109: Expression expected.
src/app/blog/best-salmon-sashimi/page.tsx(88,82): error TS1005: ',' expected.
src/app/blog/best-salmon-sashimi/page.tsx(88,92): error TS1005: ',' expected.
src/app/blog/best-salmon-sashimi/page.tsx(88,93): error TS1137: Expression or comma expected.
src/app/blog/best-salmon-sashimi/page.tsx(88,95): error TS1109: Expression expected.
src/app/blog/best-salmon-sashimi/page.tsx(88,100): error TS1005: ',' expected.
src/app/blog/best-salmon-sashimi/page.tsx(88,106): error TS1005: ',' expected.
src/app/blog/best-salmon-sashimi/page.tsx(88,113): error TS1005: ',' expected.
src/app/blog/best-salmon-sashimi/page.tsx(88,121): error TS1005: ',' expected.
src/app/blog/best-salmon-sashimi/page.tsx(88,126): error TS1005: ',' expected.
src/app/blog/best-salmon-sashimi/page.tsx(88,128): error TS1005: ',' expected.
src/app/blog/best-salmon-sashimi/page.tsx(88,146): error TS1005: ',' expected.
src/app/blog/best-salmon-sashimi/page.tsx(88,158): error TS1005: ',' expected.
src/app/blog/best-salmon-sashimi/page.tsx(88,160): error TS1137: Expression or comma expected.
src/app/blog/best-salmon-sashimi/page.tsx(90,1): error TS1109: Expression expected.
src/app/blog/best-steak-near-me/page.tsx(127,42): error TS1109: Expression expected.
src/app/blog/best-steak-near-me/page.tsx(127,48): error TS1005: ',' expected.
src/app/blog/best-steak-near-me/page.tsx(127,49): error TS1127: Invalid character.
src/app/blog/best-steak-near-me/page.tsx(127,155): error TS1381: Unexpected token. Did you mean `{'}'}` or `&rbrace;`?
src/app/blog/best-steak-near-me/page.tsx(128,35): error TS1005: '}' expected.
src/app/blog/best-steak-near-me/page.tsx(128,149): error TS1381: Unexpected token. Did you mean `{'}'}` or `&rbrace;`?
src/app/blog/best-steak-near-me/page.tsx(129,35): error TS1005: '}' expected.
src/app/blog/best-steak-near-me/page.tsx(129,142): error TS1381: Unexpected token. Did you mean `{'}'}` or `&rbrace;`?
src/app/blog/best-steak-near-me/page.tsx(130,35): error TS1005: '}' expected.
src/app/blog/best-steak-near-me/page.tsx(130,161): error TS1381: Unexpected token. Did you mean `{'}'}` or `&rbrace;`?
src/app/blog/best-steak-near-me/page.tsx(131,42): error TS1382: Unexpected token. Did you mean `{'>'}` or `&gt;`?
src/app/blog/best-steak-near-me/page.tsx(137,35): error TS1381: Unexpected token. Did you mean `{'}'}` or `&rbrace;`?
src/app/blog/best-steak-near-me/page.tsx(192,46): error TS1109: Expression expected.
src/app/blog/best-steak-near-me/page.tsx(192,52): error TS1005: ',' expected.
src/app/blog/best-steak-near-me/page.tsx(192,59): error TS1005: ',' expected.
src/app/blog/best-steak-near-me/page.tsx(192,67): error TS1005: ',' expected.
src/app/blog/best-steak-near-me/page.tsx(192,73): error TS1005: ',' expected.
src/app/blog/best-steak-near-me/page.tsx(192,79): error TS1005: ',' expected.
src/app/blog/best-steak-near-me/page.tsx(192,171): error TS1381: Unexpected token. Did you mean `{'}'}` or `&rbrace;`?
src/app/blog/best-steak-near-me/page.tsx(193,39): error TS1005: '}' expected.
src/app/blog/best-steak-near-me/page.tsx(193,169): error TS1381: Unexpected token. Did you mean `{'}'}` or `&rbrace;`?
src/app/blog/best-steak-near-me/page.tsx(194,39): error TS1005: '}' expected.
src/app/blog/best-steak-near-me/page.tsx(194,164): error TS1381: Unexpected token. Did you mean `{'}'}` or `&rbrace;`?
src/app/blog/best-steak-near-me/page.tsx(195,46): error TS1382: Unexpected token. Did you mean `{'>'}` or `&gt;`?
src/app/blog/best-steak-near-me/page.tsx(200,39): error TS1381: Unexpected token. Did you mean `{'}'}` or `&rbrace;`?
src/app/blog/best-steakhouses-lewisville/page.tsx(66,9): error TS1136: Property assignment expected.
src/app/blog/best-steakhouses-lewisville/page.tsx(66,14): error TS1005: ')' expected.
src/app/blog/best-steakhouses-lewisville/page.tsx(66,15): error TS1136: Property assignment expected.
src/app/blog/best-steakhouses-lewisville/page.tsx(66,20): error TS1146: Declaration expected.
src/app/blog/best-steakhouses-lewisville/page.tsx(66,26): error TS1128: Declaration or statement expected.
src/app/blog/best-steakhouses-lewisville/page.tsx(66,28): error TS1109: Expression expected.
src/app/blog/best-steakhouses-lewisville/page.tsx(66,48): error TS1128: Declaration or statement expected.
src/app/blog/best-steakhouses-lewisville/page.tsx(68,23): error TS1005: ';' expected.
src/app/blog/best-steakhouses-lewisville/page.tsx(69,13): error TS1109: Expression expected.
src/app/blog/best-steakhouses-lewisville/page.tsx(69,24): error TS1146: Declaration expected.
src/app/blog/best-steakhouses-lewisville/page.tsx(69,30): error TS1128: Declaration or statement expected.
src/app/blog/best-steakhouses-lewisville/page.tsx(69,32): error TS1109: Expression expected.
src/app/blog/best-steakhouses-lewisville/page.tsx(69,50): error TS1128: Declaration or statement expected.
src/app/blog/best-steakhouses-lewisville/page.tsx(71,9): error TS1109: Expression expected.
src/app/blog/best-steakhouses-lewisville/page.tsx(71,10): error TS1128: Declaration or statement expected.
src/app/blog/best-steakhouses-lewisville/page.tsx(72,5): error TS1128: Declaration or statement expected.
src/app/blog/best-steakhouses-lewisville/page.tsx(72,6): error TS1128: Declaration or statement expected.
src/app/blog/best-steakhouses-lewisville/page.tsx(72,7): error TS1128: Declaration or statement expected.
src/app/blog/best-steakhouses-lewisville/page.tsx(72,8): error TS1128: Declaration or statement expected.
src/app/blog/best-steakhouses-lewisville/page.tsx(73,1): error TS1128: Declaration or statement expected.
src/app/blog/best-steakhouses-lewisville/page.tsx(77,5): error TS1136: Property assignment expected.
src/app/blog/best-steakhouses-lewisville/page.tsx(77,19): error TS1146: Declaration expected.
src/app/blog/best-steakhouses-lewisville/page.tsx(77,25): error TS1128: Declaration or statement expected.
src/app/blog/best-steakhouses-lewisville/page.tsx(77,27): error TS1109: Expression expected.
src/app/blog/best-steakhouses-lewisville/page.tsx(78,5): error TS1109: Expression expected.
src/app/blog/best-steakhouses-lewisville/page.tsx(78,16): error TS1146: Declaration expected.
src/app/blog/best-steakhouses-lewisville/page.tsx(78,22): error TS1128: Declaration or statement expected.
src/app/blog/best-steakhouses-lewisville/page.tsx(78,24): error TS1109: Expression expected.
src/app/blog/best-steakhouses-lewisville/page.tsx(78,50): error TS1128: Declaration or statement expected.
src/app/blog/best-steakhouses-lewisville/page.tsx(79,5): error TS1109: Expression expected.
src/app/blog/best-steakhouses-lewisville/page.tsx(79,32): error TS1128: Declaration or statement expected.
src/app/blog/best-steakhouses-lewisville/page.tsx(80,11): error TS1136: Property assignment expected.
src/app/blog/best-steakhouses-lewisville/page.tsx(80,16): error TS1005: ',' expected.
src/app/blog/best-steakhouses-lewisville/page.tsx(80,22): error TS1109: Expression expected.
src/app/blog/best-steakhouses-lewisville/page.tsx(80,27): error TS1005: ',' expected.
src/app/blog/best-steakhouses-lewisville/page.tsx(80,28): error TS1137: Expression or comma expected.
src/app/blog/best-steakhouses-lewisville/page.tsx(80,30): error TS1109: Expression expected.
src/app/blog/best-steakhouses-lewisville/page.tsx(80,35): error TS1005: ',' expected.
src/app/blog/best-steakhouses-lewisville/page.tsx(80,49): error TS1005: ',' expected.
src/app/blog/best-steakhouses-lewisville/page.tsx(80,52): error TS1109: Expression expected.
src/app/blog/best-steakhouses-lewisville/page.tsx(80,57): error TS1005: ',' expected.
src/app/blog/best-steakhouses-lewisville/page.tsx(80,71): error TS1005: ',' expected.
src/app/blog/best-steakhouses-lewisville/page.tsx(80,72): error TS1137: Expression or comma expected.
src/app/blog/best-steakhouses-lewisville/page.tsx(80,77): error TS1109: Expression expected.
src/app/blog/best-steakhouses-lewisville/page.tsx(80,82): error TS1005: ',' expected.
src/app/blog/best-steakhouses-lewisville/page.tsx(80,92): error TS1005: ',' expected.
src/app/blog/best-steakhouses-lewisville/page.tsx(80,93): error TS1137: Expression or comma expected.
src/app/blog/best-steakhouses-lewisville/page.tsx(80,95): error TS1109: Expression expected.
src/app/blog/best-steakhouses-lewisville/page.tsx(80,100): error TS1005: ',' expected.
src/app/blog/best-steakhouses-lewisville/page.tsx(80,110): error TS1005: ',' expected.
src/app/blog/best-steakhouses-lewisville/page.tsx(80,113): error TS1109: Expression expected.
src/app/blog/best-steakhouses-lewisville/page.tsx(80,118): error TS1005: ',' expected.
src/app/blog/best-steakhouses-lewisville/page.tsx(80,128): error TS1005: ',' expected.
src/app/blog/best-steakhouses-lewisville/page.tsx(80,129): error TS1137: Expression or comma expected.
src/app/blog/best-steakhouses-lewisville/page.tsx(80,131): error TS1109: Expression expected.
src/app/blog/best-steakhouses-lewisville/page.tsx(80,136): error TS1005: ',' expected.
src/app/blog/best-steakhouses-lewisville/page.tsx(80,142): error TS1005: ',' expected.
src/app/blog/best-steakhouses-lewisville/page.tsx(81,11): error TS1136: Property assignment expected.
src/app/blog/best-steakhouses-lewisville/page.tsx(81,16): error TS1005: ',' expected.
src/app/blog/best-steakhouses-lewisville/page.tsx(81,22): error TS1109: Expression expected.
src/app/blog/best-steakhouses-lewisville/page.tsx(81,27): error TS1005: ',' expected.
src/app/blog/best-steakhouses-lewisville/page.tsx(81,28): error TS1137: Expression or comma expected.
src/app/blog/best-steakhouses-lewisville/page.tsx(81,30): error TS1109: Expression expected.
src/app/blog/best-steakhouses-lewisville/page.tsx(81,35): error TS1005: ',' expected.
src/app/blog/best-steakhouses-lewisville/page.tsx(81,49): error TS1005: ',' expected.
src/app/blog/best-steakhouses-lewisville/page.tsx(81,52): error TS1109: Expression expected.
src/app/blog/best-steakhouses-lewisville/page.tsx(81,57): error TS1005: ',' expected.
src/app/blog/best-steakhouses-lewisville/page.tsx(81,71): error TS1005: ',' expected.
src/app/blog/best-steakhouses-lewisville/page.tsx(81,72): error TS1137: Expression or comma expected.
src/app/blog/best-steakhouses-lewisville/page.tsx(81,77): error TS1109: Expression expected.
src/app/blog/best-steakhouses-lewisville/page.tsx(81,82): error TS1005: ',' expected.
src/app/blog/best-steakhouses-lewisville/page.tsx(81,92): error TS1005: ',' expected.
src/app/blog/best-steakhouses-lewisville/page.tsx(81,93): error TS1137: Expression or comma expected.
src/app/blog/best-steakhouses-lewisville/page.tsx(81,95): error TS1109: Expression expected.
src/app/blog/best-steakhouses-lewisville/page.tsx(81,100): error TS1005: ',' expected.
src/app/blog/best-steakhouses-lewisville/page.tsx(81,110): error TS1005: ',' expected.
src/app/blog/best-steakhouses-lewisville/page.tsx(81,113): error TS1109: Expression expected.
src/app/blog/best-steakhouses-lewisville/page.tsx(81,118): error TS1005: ',' expected.
src/app/blog/best-steakhouses-lewisville/page.tsx(81,128): error TS1005: ',' expected.
src/app/blog/best-steakhouses-lewisville/page.tsx(81,129): error TS1137: Expression or comma expected.
src/app/blog/best-steakhouses-lewisville/page.tsx(81,131): error TS1109: Expression expected.
src/app/blog/best-steakhouses-lewisville/page.tsx(81,136): error TS1005: ',' expected.
src/app/blog/best-steakhouses-lewisville/page.tsx(81,142): error TS1005: ',' expected.
src/app/blog/best-steakhouses-lewisville/page.tsx(82,11): error TS1136: Property assignment expected.
src/app/blog/best-steakhouses-lewisville/page.tsx(82,16): error TS1005: ',' expected.
src/app/blog/best-steakhouses-lewisville/page.tsx(82,22): error TS1109: Expression expected.
src/app/blog/best-steakhouses-lewisville/page.tsx(82,27): error TS1005: ',' expected.
src/app/blog/best-steakhouses-lewisville/page.tsx(82,28): error TS1137: Expression or comma expected.
src/app/blog/best-steakhouses-lewisville/page.tsx(82,30): error TS1109: Expression expected.
src/app/blog/best-steakhouses-lewisville/page.tsx(82,35): error TS1005: ',' expected.
src/app/blog/best-steakhouses-lewisville/page.tsx(82,49): error TS1005: ',' expected.
src/app/blog/best-steakhouses-lewisville/page.tsx(82,52): error TS1109: Expression expected.
src/app/blog/best-steakhouses-lewisville/page.tsx(82,57): error TS1005: ',' expected.
src/app/blog/best-steakhouses-lewisville/page.tsx(82,71): error TS1005: ',' expected.
src/app/blog/best-steakhouses-lewisville/page.tsx(82,72): error TS1137: Expression or comma expected.
src/app/blog/best-steakhouses-lewisville/page.tsx(82,77): error TS1109: Expression expected.
src/app/blog/best-steakhouses-lewisville/page.tsx(82,82): error TS1005: ',' expected.
src/app/blog/best-steakhouses-lewisville/page.tsx(82,92): error TS1005: ',' expected.
src/app/blog/best-steakhouses-lewisville/page.tsx(82,93): error TS1137: Expression or comma expected.
src/app/blog/best-steakhouses-lewisville/page.tsx(82,95): error TS1109: Expression expected.
src/app/blog/best-steakhouses-lewisville/page.tsx(82,100): error TS1005: ',' expected.
src/app/blog/best-steakhouses-lewisville/page.tsx(82,112): error TS1005: ',' expected.
src/app/blog/best-steakhouses-lewisville/page.tsx(82,123): error TS1005: ',' expected.
src/app/blog/best-steakhouses-lewisville/page.tsx(82,126): error TS1109: Expression expected.
src/app/blog/best-steakhouses-lewisville/page.tsx(82,131): error TS1005: ',' expected.
src/app/blog/best-steakhouses-lewisville/page.tsx(82,141): error TS1005: ',' expected.
src/app/blog/best-steakhouses-lewisville/page.tsx(82,142): error TS1137: Expression or comma expected.
src/app/blog/best-steakhouses-lewisville/page.tsx(82,144): error TS1109: Expression expected.
src/app/blog/best-steakhouses-lewisville/page.tsx(82,149): error TS1005: ',' expected.
src/app/blog/best-steakhouses-lewisville/page.tsx(82,155): error TS1005: ',' expected.
src/app/blog/best-steakhouses-lewisville/page.tsx(83,11): error TS1136: Property assignment expected.
src/app/blog/best-steakhouses-lewisville/page.tsx(83,16): error TS1005: ',' expected.
src/app/blog/best-steakhouses-lewisville/page.tsx(83,22): error TS1109: Expression expected.
src/app/blog/best-steakhouses-lewisville/page.tsx(83,27): error TS1005: ',' expected.
src/app/blog/best-steakhouses-lewisville/page.tsx(83,28): error TS1137: Expression or comma expected.
src/app/blog/best-steakhouses-lewisville/page.tsx(83,30): error TS1109: Expression expected.
src/app/blog/best-steakhouses-lewisville/page.tsx(83,35): error TS1005: ',' expected.
src/app/blog/best-steakhouses-lewisville/page.tsx(83,49): error TS1005: ',' expected.
src/app/blog/best-steakhouses-lewisville/page.tsx(83,52): error TS1109: Expression expected.
src/app/blog/best-steakhouses-lewisville/page.tsx(83,57): error TS1005: ',' expected.
src/app/blog/best-steakhouses-lewisville/page.tsx(83,71): error TS1005: ',' expected.
src/app/blog/best-steakhouses-lewisville/page.tsx(83,72): error TS1137: Expression or comma expected.
src/app/blog/best-steakhouses-lewisville/page.tsx(83,77): error TS1109: Expression expected.
src/app/blog/best-steakhouses-lewisville/page.tsx(83,82): error TS1005: ',' expected.
src/app/blog/best-steakhouses-lewisville/page.tsx(83,92): error TS1005: ',' expected.
src/app/blog/best-steakhouses-lewisville/page.tsx(83,93): error TS1137: Expression or comma expected.
src/app/blog/best-steakhouses-lewisville/page.tsx(83,95): error TS1109: Expression expected.
src/app/blog/best-steakhouses-lewisville/page.tsx(83,100): error TS1005: ',' expected.
src/app/blog/best-steakhouses-lewisville/page.tsx(83,105): error TS1005: ',' expected.
src/app/blog/best-steakhouses-lewisville/page.tsx(83,131): error TS1005: ',' expected.
src/app/blog/best-steakhouses-lewisville/page.tsx(83,133): error TS1005: ',' expected.
src/app/blog/best-steakhouses-lewisville/page.tsx(83,140): error TS1005: ',' expected.
src/app/blog/best-steakhouses-lewisville/page.tsx(83,146): error TS1005: ',' expected.
src/app/blog/best-steakhouses-lewisville/page.tsx(83,156): error TS1005: ',' expected.
src/app/blog/best-steakhouses-lewisville/page.tsx(83,158): error TS1137: Expression or comma expected.
src/app/blog/best-steakhouses-lewisville/page.tsx(85,1): error TS1109: Expression expected.
src/app/blog/best-sushi-dallas/page.tsx(92,40): error TS1109: Expression expected.
src/app/blog/best-sushi-dallas/page.tsx(92,46): error TS1005: ',' expected.
src/app/blog/best-sushi-dallas/page.tsx(92,47): error TS1127: Invalid character.
src/app/blog/best-sushi-dallas/page.tsx(92,164): error TS1381: Unexpected token. Did you mean `{'}'}` or `&rbrace;`?
src/app/blog/best-sushi-dallas/page.tsx(92,169): error TS1005: '}' expected.
src/app/blog/best-sushi-dallas/page.tsx(92,268): error TS1381: Unexpected token. Did you mean `{'}'}` or `&rbrace;`?
src/app/blog/best-sushi-dallas/page.tsx(92,273): error TS1005: '}' expected.
src/app/blog/best-sushi-dallas/page.tsx(92,373): error TS1381: Unexpected token. Did you mean `{'}'}` or `&rbrace;`?
src/app/blog/best-sushi-dallas/page.tsx(92,378): error TS1005: '}' expected.
src/app/blog/best-sushi-dallas/page.tsx(92,471): error TS1381: Unexpected token. Did you mean `{'}'}` or `&rbrace;`?
src/app/blog/best-sushi-dallas/page.tsx(92,481): error TS1382: Unexpected token. Did you mean `{'>'}` or `&gt;`?
src/app/blog/best-sushi-dallas/page.tsx(98,35): error TS1381: Unexpected token. Did you mean `{'}'}` or `&rbrace;`?
src/app/blog/best-sushi-frisco/page.tsx(71,9): error TS1136: Property assignment expected.
src/app/blog/best-sushi-frisco/page.tsx(71,15): error TS1005: ')' expected.
src/app/blog/best-sushi-frisco/page.tsx(71,16): error TS1136: Property assignment expected.
src/app/blog/best-sushi-frisco/page.tsx(71,21): error TS1146: Declaration expected.
src/app/blog/best-sushi-frisco/page.tsx(71,28): error TS1128: Declaration or statement expected.
src/app/blog/best-sushi-frisco/page.tsx(71,30): error TS1109: Expression expected.
src/app/blog/best-sushi-frisco/page.tsx(71,54): error TS1128: Declaration or statement expected.
src/app/blog/best-sushi-frisco/page.tsx(73,19): error TS1005: ';' expected.
src/app/blog/best-sushi-frisco/page.tsx(74,13): error TS1109: Expression expected.
src/app/blog/best-sushi-frisco/page.tsx(74,26): error TS1146: Declaration expected.
src/app/blog/best-sushi-frisco/page.tsx(74,33): error TS1128: Declaration or statement expected.
src/app/blog/best-sushi-frisco/page.tsx(74,35): error TS1109: Expression expected.
src/app/blog/best-sushi-frisco/page.tsx(74,57): error TS1128: Declaration or statement expected.
src/app/blog/best-sushi-frisco/page.tsx(76,9): error TS1109: Expression expected.
src/app/blog/best-sushi-frisco/page.tsx(76,10): error TS1128: Declaration or statement expected.
src/app/blog/best-sushi-frisco/page.tsx(77,5): error TS1128: Declaration or statement expected.
src/app/blog/best-sushi-frisco/page.tsx(77,6): error TS1128: Declaration or statement expected.
src/app/blog/best-sushi-frisco/page.tsx(77,7): error TS1128: Declaration or statement expected.
src/app/blog/best-sushi-frisco/page.tsx(77,8): error TS1128: Declaration or statement expected.
src/app/blog/best-sushi-frisco/page.tsx(78,1): error TS1128: Declaration or statement expected.
src/app/blog/best-sushi-frisco/page.tsx(82,5): error TS1136: Property assignment expected.
src/app/blog/best-sushi-frisco/page.tsx(82,21): error TS1146: Declaration expected.
src/app/blog/best-sushi-frisco/page.tsx(82,28): error TS1128: Declaration or statement expected.
src/app/blog/best-sushi-frisco/page.tsx(82,30): error TS1109: Expression expected.
src/app/blog/best-sushi-frisco/page.tsx(83,5): error TS1109: Expression expected.
src/app/blog/best-sushi-frisco/page.tsx(83,18): error TS1146: Declaration expected.
src/app/blog/best-sushi-frisco/page.tsx(83,25): error TS1128: Declaration or statement expected.
src/app/blog/best-sushi-frisco/page.tsx(83,27): error TS1109: Expression expected.
src/app/blog/best-sushi-frisco/page.tsx(83,57): error TS1128: Declaration or statement expected.
src/app/blog/best-sushi-frisco/page.tsx(84,5): error TS1109: Expression expected.
src/app/blog/best-sushi-frisco/page.tsx(84,36): error TS1128: Declaration or statement expected.
src/app/blog/best-sushi-frisco/page.tsx(85,7): error TS1136: Property assignment expected.
src/app/blog/best-sushi-frisco/page.tsx(85,13): error TS1005: ',' expected.
src/app/blog/best-sushi-frisco/page.tsx(85,20): error TS1109: Expression expected.
src/app/blog/best-sushi-frisco/page.tsx(85,27): error TS1005: ',' expected.
src/app/blog/best-sushi-frisco/page.tsx(85,28): error TS1137: Expression or comma expected.
src/app/blog/best-sushi-frisco/page.tsx(85,30): error TS1109: Expression expected.
src/app/blog/best-sushi-frisco/page.tsx(85,36): error TS1005: ',' expected.
src/app/blog/best-sushi-frisco/page.tsx(85,53): error TS1005: ',' expected.
src/app/blog/best-sushi-frisco/page.tsx(85,56): error TS1109: Expression expected.
src/app/blog/best-sushi-frisco/page.tsx(85,62): error TS1005: ',' expected.
src/app/blog/best-sushi-frisco/page.tsx(85,79): error TS1005: ',' expected.
src/app/blog/best-sushi-frisco/page.tsx(85,80): error TS1137: Expression or comma expected.
src/app/blog/best-sushi-frisco/page.tsx(85,85): error TS1109: Expression expected.
src/app/blog/best-sushi-frisco/page.tsx(85,91): error TS1005: ',' expected.
src/app/blog/best-sushi-frisco/page.tsx(85,104): error TS1005: ',' expected.
src/app/blog/best-sushi-frisco/page.tsx(85,105): error TS1137: Expression or comma expected.
src/app/blog/best-sushi-frisco/page.tsx(85,107): error TS1109: Expression expected.
src/app/blog/best-sushi-frisco/page.tsx(85,113): error TS1005: ',' expected.
src/app/blog/best-sushi-frisco/page.tsx(85,126): error TS1005: ',' expected.
src/app/blog/best-sushi-frisco/page.tsx(85,129): error TS1109: Expression expected.
src/app/blog/best-sushi-frisco/page.tsx(85,135): error TS1005: ',' expected.
src/app/blog/best-sushi-frisco/page.tsx(85,148): error TS1005: ',' expected.
src/app/blog/best-sushi-frisco/page.tsx(85,149): error TS1137: Expression or comma expected.
src/app/blog/best-sushi-frisco/page.tsx(85,151): error TS1109: Expression expected.
src/app/blog/best-sushi-frisco/page.tsx(85,157): error TS1005: ',' expected.
src/app/blog/best-sushi-frisco/page.tsx(85,164): error TS1005: ',' expected.
src/app/blog/best-sushi-frisco/page.tsx(86,7): error TS1136: Property assignment expected.
src/app/blog/best-sushi-frisco/page.tsx(86,13): error TS1005: ',' expected.
src/app/blog/best-sushi-frisco/page.tsx(86,20): error TS1109: Expression expected.
src/app/blog/best-sushi-frisco/page.tsx(86,27): error TS1005: ',' expected.
src/app/blog/best-sushi-frisco/page.tsx(86,28): error TS1137: Expression or comma expected.
src/app/blog/best-sushi-frisco/page.tsx(86,30): error TS1109: Expression expected.
src/app/blog/best-sushi-frisco/page.tsx(86,36): error TS1005: ',' expected.
src/app/blog/best-sushi-frisco/page.tsx(86,53): error TS1005: ',' expected.
src/app/blog/best-sushi-frisco/page.tsx(86,56): error TS1109: Expression expected.
src/app/blog/best-sushi-frisco/page.tsx(86,62): error TS1005: ',' expected.
src/app/blog/best-sushi-frisco/page.tsx(86,79): error TS1005: ',' expected.
src/app/blog/best-sushi-frisco/page.tsx(86,80): error TS1137: Expression or comma expected.
src/app/blog/best-sushi-frisco/page.tsx(86,85): error TS1109: Expression expected.
src/app/blog/best-sushi-frisco/page.tsx(86,91): error TS1005: ',' expected.
src/app/blog/best-sushi-frisco/page.tsx(86,104): error TS1005: ',' expected.
src/app/blog/best-sushi-frisco/page.tsx(86,105): error TS1137: Expression or comma expected.
src/app/blog/best-sushi-frisco/page.tsx(86,107): error TS1109: Expression expected.
src/app/blog/best-sushi-frisco/page.tsx(86,113): error TS1005: ',' expected.
src/app/blog/best-sushi-frisco/page.tsx(86,126): error TS1005: ',' expected.
src/app/blog/best-sushi-frisco/page.tsx(86,129): error TS1109: Expression expected.
src/app/blog/best-sushi-frisco/page.tsx(86,135): error TS1005: ',' expected.
src/app/blog/best-sushi-frisco/page.tsx(86,148): error TS1005: ',' expected.
src/app/blog/best-sushi-frisco/page.tsx(86,149): error TS1137: Expression or comma expected.
src/app/blog/best-sushi-frisco/page.tsx(86,151): error TS1109: Expression expected.
src/app/blog/best-sushi-frisco/page.tsx(86,157): error TS1005: ',' expected.
src/app/blog/best-sushi-frisco/page.tsx(86,164): error TS1005: ',' expected.
src/app/blog/best-sushi-frisco/page.tsx(87,7): error TS1136: Property assignment expected.
src/app/blog/best-sushi-frisco/page.tsx(87,13): error TS1005: ',' expected.
src/app/blog/best-sushi-frisco/page.tsx(87,20): error TS1109: Expression expected.
src/app/blog/best-sushi-frisco/page.tsx(87,27): error TS1005: ',' expected.
src/app/blog/best-sushi-frisco/page.tsx(87,28): error TS1137: Expression or comma expected.
src/app/blog/best-sushi-frisco/page.tsx(87,30): error TS1109: Expression expected.
src/app/blog/best-sushi-frisco/page.tsx(87,36): error TS1005: ',' expected.
src/app/blog/best-sushi-frisco/page.tsx(87,53): error TS1005: ',' expected.
src/app/blog/best-sushi-frisco/page.tsx(87,56): error TS1109: Expression expected.
src/app/blog/best-sushi-frisco/page.tsx(87,62): error TS1005: ',' expected.
src/app/blog/best-sushi-frisco/page.tsx(87,79): error TS1005: ',' expected.
src/app/blog/best-sushi-frisco/page.tsx(87,80): error TS1137: Expression or comma expected.
src/app/blog/best-sushi-frisco/page.tsx(87,85): error TS1109: Expression expected.
src/app/blog/best-sushi-frisco/page.tsx(87,91): error TS1005: ',' expected.
src/app/blog/best-sushi-frisco/page.tsx(87,104): error TS1005: ',' expected.
src/app/blog/best-sushi-frisco/page.tsx(87,105): error TS1137: Expression or comma expected.
src/app/blog/best-sushi-frisco/page.tsx(87,107): error TS1109: Expression expected.
src/app/blog/best-sushi-frisco/page.tsx(87,113): error TS1005: ',' expected.
src/app/blog/best-sushi-frisco/page.tsx(87,126): error TS1005: ',' expected.
src/app/blog/best-sushi-frisco/page.tsx(87,129): error TS1109: Expression expected.
src/app/blog/best-sushi-frisco/page.tsx(87,135): error TS1005: ',' expected.
src/app/blog/best-sushi-frisco/page.tsx(87,148): error TS1005: ',' expected.
src/app/blog/best-sushi-frisco/page.tsx(87,149): error TS1137: Expression or comma expected.
src/app/blog/best-sushi-frisco/page.tsx(87,151): error TS1109: Expression expected.
src/app/blog/best-sushi-frisco/page.tsx(87,157): error TS1005: ',' expected.
src/app/blog/best-sushi-frisco/page.tsx(87,164): error TS1005: ',' expected.
src/app/blog/best-sushi-frisco/page.tsx(88,7): error TS1136: Property assignment expected.
src/app/blog/best-sushi-frisco/page.tsx(88,13): error TS1005: ',' expected.
src/app/blog/best-sushi-frisco/page.tsx(88,20): error TS1109: Expression expected.
src/app/blog/best-sushi-frisco/page.tsx(88,27): error TS1005: ',' expected.
src/app/blog/best-sushi-frisco/page.tsx(88,28): error TS1137: Expression or comma expected.
src/app/blog/best-sushi-frisco/page.tsx(88,30): error TS1109: Expression expected.
src/app/blog/best-sushi-frisco/page.tsx(88,36): error TS1005: ',' expected.
src/app/blog/best-sushi-frisco/page.tsx(88,53): error TS1005: ',' expected.
src/app/blog/best-sushi-frisco/page.tsx(88,56): error TS1109: Expression expected.
src/app/blog/best-sushi-frisco/page.tsx(88,62): error TS1005: ',' expected.
src/app/blog/best-sushi-frisco/page.tsx(88,79): error TS1005: ',' expected.
src/app/blog/best-sushi-frisco/page.tsx(88,80): error TS1137: Expression or comma expected.
src/app/blog/best-sushi-frisco/page.tsx(88,85): error TS1109: Expression expected.
src/app/blog/best-sushi-frisco/page.tsx(88,91): error TS1005: ',' expected.
src/app/blog/best-sushi-frisco/page.tsx(88,104): error TS1005: ',' expected.
src/app/blog/best-sushi-frisco/page.tsx(88,105): error TS1137: Expression or comma expected.
src/app/blog/best-sushi-frisco/page.tsx(88,107): error TS1109: Expression expected.
src/app/blog/best-sushi-frisco/page.tsx(88,113): error TS1005: ',' expected.
src/app/blog/best-sushi-frisco/page.tsx(88,120): error TS1005: ',' expected.
src/app/blog/best-sushi-frisco/page.tsx(88,126): error TS1005: ',' expected.
src/app/blog/best-sushi-frisco/page.tsx(88,133): error TS1005: ',' expected.
src/app/blog/best-sushi-frisco/page.tsx(88,135): error TS1005: ',' expected.
src/app/blog/best-sushi-frisco/page.tsx(88,141): error TS1005: ',' expected.
src/app/blog/best-sushi-frisco/page.tsx(88,147): error TS1005: ',' expected.
src/app/blog/best-sushi-frisco/page.tsx(88,152): error TS1005: ',' expected.
src/app/blog/best-sushi-frisco/page.tsx(88,169): error TS1005: ',' expected.
src/app/blog/best-sushi-frisco/page.tsx(88,171): error TS1137: Expression or comma expected.
src/app/blog/best-sushi-frisco/page.tsx(90,1): error TS1109: Expression expected.
src/app/blog/best-sushi-frisco/page.tsx(93,5): error TS1136: Property assignment expected.
src/app/blog/best-sushi-frisco/page.tsx(93,21): error TS1146: Declaration expected.
src/app/blog/best-sushi-frisco/page.tsx(93,28): error TS1128: Declaration or statement expected.
src/app/blog/best-sushi-frisco/page.tsx(93,30): error TS1109: Expression expected.
src/app/blog/best-sushi-frisco/page.tsx(94,5): error TS1109: Expression expected.
src/app/blog/best-sushi-frisco/page.tsx(94,18): error TS1146: Declaration expected.
src/app/blog/best-sushi-frisco/page.tsx(94,25): error TS1128: Declaration or statement expected.
src/app/blog/best-sushi-frisco/page.tsx(94,27): error TS1109: Expression expected.
src/app/blog/best-sushi-frisco/page.tsx(94,51): error TS1128: Declaration or statement expected.
src/app/blog/best-sushi-frisco/page.tsx(95,5): error TS1109: Expression expected.
src/app/blog/best-sushi-frisco/page.tsx(95,25): error TS1128: Declaration or statement expected.
src/app/blog/best-sushi-frisco/page.tsx(95,27): error TS1109: Expression expected.
src/app/blog/best-sushi-frisco/page.tsx(95,34): error TS1434: Unexpected keyword or identifier.
src/app/blog/best-sushi-frisco/page.tsx(95,38): error TS1434: Unexpected keyword or identifier.
src/app/blog/best-sushi-frisco/page.tsx(95,66): error TS1005: ';' expected.
src/app/blog/best-sushi-frisco/page.tsx(95,76): error TS1128: Declaration or statement expected.
src/app/blog/best-sushi-frisco/page.tsx(96,5): error TS1109: Expression expected.
src/app/blog/best-sushi-frisco/page.tsx(96,32): error TS1128: Declaration or statement expected.
src/app/blog/best-sushi-frisco/page.tsx(96,34): error TS1109: Expression expected.
src/app/blog/best-sushi-frisco/page.tsx(96,41): error TS1434: Unexpected keyword or identifier.
src/app/blog/best-sushi-frisco/page.tsx(96,48): error TS1434: Unexpected keyword or identifier.
src/app/blog/best-sushi-frisco/page.tsx(96,53): error TS1434: Unexpected keyword or identifier.
src/app/blog/best-sushi-frisco/page.tsx(96,56): error TS1434: Unexpected keyword or identifier.
src/app/blog/best-sushi-frisco/page.tsx(96,60): error TS1434: Unexpected keyword or identifier.
src/app/blog/best-sushi-frisco/page.tsx(96,65): error TS1434: Unexpected keyword or identifier.
src/app/blog/best-sushi-frisco/page.tsx(96,71): error TS1434: Unexpected keyword or identifier.
src/app/blog/best-sushi-frisco/page.tsx(96,83): error TS1434: Unexpected keyword or identifier.
src/app/blog/best-sushi-frisco/page.tsx(96,88): error TS1434: Unexpected keyword or identifier.
src/app/blog/best-sushi-frisco/page.tsx(96,123): error TS1003: Identifier expected.
src/app/blog/best-sushi-frisco/page.tsx(96,130): error TS1128: Declaration or statement expected.
src/app/blog/best-sushi-frisco/page.tsx(97,5): error TS1109: Expression expected.
src/app/blog/best-sushi-frisco/page.tsx(97,34): error TS1128: Declaration or statement expected.
src/app/blog/best-sushi-frisco/page.tsx(98,5): error TS1109: Expression expected.
src/app/blog/best-sushi-frisco/page.tsx(98,36): error TS1128: Declaration or statement expected.
src/app/blog/best-sushi-frisco/page.tsx(100,13): error TS1136: Property assignment expected.
src/app/blog/best-sushi-frisco/page.tsx(100,19): error TS1005: ',' expected.
src/app/blog/best-sushi-frisco/page.tsx(100,26): error TS1109: Expression expected.
src/app/blog/best-sushi-frisco/page.tsx(100,33): error TS1005: ',' expected.
src/app/blog/best-sushi-frisco/page.tsx(100,34): error TS1137: Expression or comma expected.
src/app/blog/best-sushi-frisco/page.tsx(100,36): error TS1109: Expression expected.
src/app/blog/best-sushi-frisco/page.tsx(100,42): error TS1005: ',' expected.
src/app/blog/best-sushi-frisco/page.tsx(100,59): error TS1005: ',' expected.
src/app/blog/best-sushi-frisco/page.tsx(101,13): error TS1109: Expression expected.
src/app/blog/best-sushi-frisco/page.tsx(101,19): error TS1005: ',' expected.
src/app/blog/best-sushi-frisco/page.tsx(101,36): error TS1005: ',' expected.
src/app/blog/best-sushi-frisco/page.tsx(101,37): error TS1137: Expression or comma expected.
src/app/blog/best-sushi-frisco/page.tsx(102,13): error TS1109: Expression expected.
src/app/blog/best-sushi-frisco/page.tsx(102,19): error TS1005: ',' expected.
src/app/blog/best-sushi-frisco/page.tsx(102,32): error TS1005: ',' expected.
src/app/blog/best-sushi-frisco/page.tsx(102,33): error TS1137: Expression or comma expected.
src/app/blog/best-sushi-frisco/page.tsx(103,17): error TS1136: Property assignment expected.
src/app/blog/best-sushi-frisco/page.tsx(103,23): error TS1005: ',' expected.
src/app/blog/best-sushi-frisco/page.tsx(103,30): error TS1109: Expression expected.
src/app/blog/best-sushi-frisco/page.tsx(103,37): error TS1005: ',' expected.
src/app/blog/best-sushi-frisco/page.tsx(103,38): error TS1137: Expression or comma expected.
src/app/blog/best-sushi-frisco/page.tsx(103,40): error TS1109: Expression expected.
src/app/blog/best-sushi-frisco/page.tsx(103,46): error TS1005: ',' expected.
src/app/blog/best-sushi-frisco/page.tsx(103,65): error TS1005: ',' expected.
src/app/blog/best-sushi-frisco/page.tsx(104,17): error TS1109: Expression expected.
src/app/blog/best-sushi-frisco/page.tsx(104,23): error TS1005: ',' expected.
src/app/blog/best-sushi-frisco/page.tsx(104,36): error TS1005: ',' expected.
src/app/blog/best-sushi-frisco/page.tsx(104,37): error TS1137: Expression or comma expected.
src/app/blog/best-sushi-frisco/page.tsx(104,39): error TS1109: Expression expected.
src/app/blog/best-sushi-frisco/page.tsx(104,45): error TS1005: ',' expected.
src/app/blog/best-sushi-frisco/page.tsx(104,54): error TS1005: ',' expected.
src/app/blog/best-sushi-frisco/page.tsx(104,63): error TS1005: ',' expected.
src/app/blog/best-sushi-frisco/page.tsx(104,80): error TS1005: ',' expected.
src/app/blog/best-sushi-frisco/page.tsx(105,17): error TS1109: Expression expected.
src/app/blog/best-sushi-frisco/page.tsx(105,23): error TS1005: ',' expected.
src/app/blog/best-sushi-frisco/page.tsx(105,45): error TS1005: ',' expected.
src/app/blog/best-sushi-frisco/page.tsx(105,46): error TS1137: Expression or comma expected.
src/app/blog/best-sushi-frisco/page.tsx(105,48): error TS1109: Expression expected.
src/app/blog/best-sushi-frisco/page.tsx(105,54): error TS1005: ',' expected.
src/app/blog/best-sushi-frisco/page.tsx(105,71): error TS1005: ',' expected.
src/app/blog/best-sushi-frisco/page.tsx(106,17): error TS1109: Expression expected.
src/app/blog/best-sushi-frisco/page.tsx(106,23): error TS1005: ',' expected.
src/app/blog/best-sushi-frisco/page.tsx(106,42): error TS1005: ',' expected.
src/app/blog/best-sushi-frisco/page.tsx(106,43): error TS1137: Expression or comma expected.
src/app/blog/best-sushi-frisco/page.tsx(106,45): error TS1109: Expression expected.
src/app/blog/best-sushi-frisco/page.tsx(106,51): error TS1005: ',' expected.
src/app/blog/best-sushi-frisco/page.tsx(106,62): error TS1005: ',' expected.
src/app/blog/best-sushi-frisco/page.tsx(107,17): error TS1109: Expression expected.
src/app/blog/best-sushi-frisco/page.tsx(107,23): error TS1005: ',' expected.
src/app/blog/best-sushi-frisco/page.tsx(107,47): error TS1005: ',' expected.
src/app/blog/best-sushi-frisco/page.tsx(107,48): error TS1137: Expression or comma expected.
src/app/blog/best-sushi-frisco/page.tsx(107,52): error TS1136: Property assignment expected.
src/app/blog/best-sushi-frisco/page.tsx(107,58): error TS1005: ',' expected.
src/app/blog/best-sushi-frisco/page.tsx(107,65): error TS1109: Expression expected.
src/app/blog/best-sushi-frisco/page.tsx(107,72): error TS1005: ',' expected.
src/app/blog/best-sushi-frisco/page.tsx(107,73): error TS1137: Expression or comma expected.
src/app/blog/best-sushi-frisco/page.tsx(107,75): error TS1109: Expression expected.
src/app/blog/best-sushi-frisco/page.tsx(107,81): error TS1005: ',' expected.
src/app/blog/best-sushi-frisco/page.tsx(107,105): error TS1005: ',' expected.
src/app/blog/best-sushi-frisco/page.tsx(107,108): error TS1109: Expression expected.
src/app/blog/best-sushi-frisco/page.tsx(107,114): error TS1005: ',' expected.
src/app/blog/best-sushi-frisco/page.tsx(107,134): error TS1005: ',' expected.
src/app/blog/best-sushi-frisco/page.tsx(107,135): error TS1137: Expression or comma expected.
src/app/blog/best-sushi-frisco/page.tsx(107,137): error TS1109: Expression expected.
src/app/blog/best-sushi-frisco/page.tsx(107,143): error TS1005: ',' expected.
src/app/blog/best-sushi-frisco/page.tsx(107,155): error TS1005: ',' expected.
src/app/blog/best-sushi-frisco/page.tsx(107,158): error TS1109: Expression expected.
src/app/blog/best-sushi-frisco/page.tsx(107,164): error TS1005: ',' expected.
src/app/blog/best-sushi-frisco/page.tsx(107,184): error TS1005: ',' expected.
src/app/blog/best-sushi-frisco/page.tsx(107,185): error TS1137: Expression or comma expected.
src/app/blog/best-sushi-frisco/page.tsx(107,187): error TS1109: Expression expected.
src/app/blog/best-sushi-frisco/page.tsx(107,193): error TS1005: ',' expected.
src/app/blog/best-sushi-frisco/page.tsx(107,205): error TS1005: ',' expected.
src/app/blog/best-sushi-frisco/page.tsx(107,207): error TS1137: Expression or comma expected.
src/app/blog/best-sushi-frisco/page.tsx(108,17): error TS1109: Expression expected.
src/app/blog/best-sushi-frisco/page.tsx(108,23): error TS1005: ',' expected.
src/app/blog/best-sushi-frisco/page.tsx(108,35): error TS1005: ',' expected.
src/app/blog/best-sushi-frisco/page.tsx(108,36): error TS1137: Expression or comma expected.
src/app/blog/best-sushi-frisco/page.tsx(108,38): error TS1109: Expression expected.
src/app/blog/best-sushi-frisco/page.tsx(108,44): error TS1005: ',' expected.
src/app/blog/best-sushi-frisco/page.tsx(108,51): error TS1005: ',' expected.
src/app/blog/best-sushi-frisco/page.tsx(109,13): error TS1137: Expression or comma expected.
src/app/blog/best-sushi-frisco/page.tsx(110,9): error TS1137: Expression or comma expected.
src/app/blog/best-sushi-frisco/page.tsx(112,13): error TS1136: Property assignment expected.
src/app/blog/best-sushi-frisco/page.tsx(112,19): error TS1005: ',' expected.
src/app/blog/best-sushi-frisco/page.tsx(112,26): error TS1109: Expression expected.
src/app/blog/best-sushi-frisco/page.tsx(112,33): error TS1005: ',' expected.
src/app/blog/best-sushi-frisco/page.tsx(112,34): error TS1137: Expression or comma expected.
src/app/blog/best-sushi-frisco/page.tsx(112,36): error TS1109: Expression expected.
src/app/blog/best-sushi-frisco/page.tsx(112,42): error TS1005: ',' expected.
src/app/blog/best-sushi-frisco/page.tsx(112,59): error TS1005: ',' expected.
src/app/blog/best-sushi-frisco/page.tsx(113,13): error TS1109: Expression expected.
src/app/blog/best-sushi-frisco/page.tsx(113,19): error TS1005: ',' expected.
src/app/blog/best-sushi-frisco/page.tsx(113,36): error TS1005: ',' expected.
src/app/blog/best-sushi-frisco/page.tsx(113,37): error TS1137: Expression or comma expected.
src/app/blog/best-sushi-frisco/page.tsx(114,13): error TS1109: Expression expected.
src/app/blog/best-sushi-frisco/page.tsx(114,19): error TS1005: ',' expected.
src/app/blog/best-sushi-frisco/page.tsx(114,32): error TS1005: ',' expected.
src/app/blog/best-sushi-frisco/page.tsx(114,33): error TS1137: Expression or comma expected.
src/app/blog/best-sushi-frisco/page.tsx(114,37): error TS1136: Property assignment expected.
src/app/blog/best-sushi-frisco/page.tsx(114,43): error TS1005: ',' expected.
src/app/blog/best-sushi-frisco/page.tsx(114,50): error TS1109: Expression expected.
src/app/blog/best-sushi-frisco/page.tsx(114,57): error TS1005: ',' expected.
src/app/blog/best-sushi-frisco/page.tsx(114,58): error TS1137: Expression or comma expected.
src/app/blog/best-sushi-frisco/page.tsx(114,60): error TS1109: Expression expected.
src/app/blog/best-sushi-frisco/page.tsx(114,66): error TS1005: ',' expected.
src/app/blog/best-sushi-frisco/page.tsx(114,85): error TS1005: ',' expected.
src/app/blog/best-sushi-frisco/page.tsx(114,88): error TS1109: Expression expected.
src/app/blog/best-sushi-frisco/page.tsx(114,94): error TS1005: ',' expected.
src/app/blog/best-sushi-frisco/page.tsx(114,107): error TS1005: ',' expected.
src/app/blog/best-sushi-frisco/page.tsx(114,108): error TS1137: Expression or comma expected.
src/app/blog/best-sushi-frisco/page.tsx(114,110): error TS1109: Expression expected.
src/app/blog/best-sushi-frisco/page.tsx(114,116): error TS1005: ',' expected.
src/app/blog/best-sushi-frisco/page.tsx(114,130): error TS1005: ',' expected.
src/app/blog/best-sushi-frisco/page.tsx(114,133): error TS1109: Expression expected.
src/app/blog/best-sushi-frisco/page.tsx(114,139): error TS1005: ',' expected.
src/app/blog/best-sushi-frisco/page.tsx(114,161): error TS1005: ',' expected.
src/app/blog/best-sushi-frisco/page.tsx(114,162): error TS1137: Expression or comma expected.
src/app/blog/best-sushi-frisco/page.tsx(114,164): error TS1109: Expression expected.
src/app/blog/best-sushi-frisco/page.tsx(114,170): error TS1005: ',' expected.
src/app/blog/best-sushi-frisco/page.tsx(114,181): error TS1005: ',' expected.
src/app/blog/best-sushi-frisco/page.tsx(114,194): error TS1005: ',' expected.
src/app/blog/best-sushi-frisco/page.tsx(114,197): error TS1109: Expression expected.
src/app/blog/best-sushi-frisco/page.tsx(114,203): error TS1005: ',' expected.
src/app/blog/best-sushi-frisco/page.tsx(114,222): error TS1005: ',' expected.
src/app/blog/best-sushi-frisco/page.tsx(114,223): error TS1137: Expression or comma expected.
src/app/blog/best-sushi-frisco/page.tsx(114,225): error TS1109: Expression expected.
src/app/blog/best-sushi-frisco/page.tsx(114,231): error TS1005: ',' expected.
src/app/blog/best-sushi-frisco/page.tsx(114,242): error TS1005: ',' expected.
src/app/blog/best-sushi-frisco/page.tsx(114,244): error TS1137: Expression or comma expected.
src/app/blog/best-sushi-frisco/page.tsx(115,9): error TS1137: Expression or comma expected.
src/app/blog/best-sushi-frisco/page.tsx(117,13): error TS1136: Property assignment expected.
src/app/blog/best-sushi-frisco/page.tsx(117,19): error TS1005: ',' expected.
src/app/blog/best-sushi-frisco/page.tsx(117,26): error TS1109: Expression expected.
src/app/blog/best-sushi-frisco/page.tsx(117,33): error TS1005: ',' expected.
src/app/blog/best-sushi-frisco/page.tsx(117,34): error TS1137: Expression or comma expected.
src/app/blog/best-sushi-frisco/page.tsx(117,36): error TS1109: Expression expected.
src/app/blog/best-sushi-frisco/page.tsx(117,42): error TS1005: ',' expected.
src/app/blog/best-sushi-frisco/page.tsx(117,59): error TS1005: ',' expected.
src/app/blog/best-sushi-frisco/page.tsx(118,13): error TS1109: Expression expected.
src/app/blog/best-sushi-frisco/page.tsx(118,19): error TS1005: ',' expected.
src/app/blog/best-sushi-frisco/page.tsx(118,36): error TS1005: ',' expected.
src/app/blog/best-sushi-frisco/page.tsx(118,37): error TS1137: Expression or comma expected.
src/app/blog/best-sushi-frisco/page.tsx(119,13): error TS1109: Expression expected.
src/app/blog/best-sushi-frisco/page.tsx(119,19): error TS1005: ',' expected.
src/app/blog/best-sushi-frisco/page.tsx(119,32): error TS1005: ',' expected.
src/app/blog/best-sushi-frisco/page.tsx(119,33): error TS1137: Expression or comma expected.
src/app/blog/best-sushi-frisco/page.tsx(119,37): error TS1136: Property assignment expected.
src/app/blog/best-sushi-frisco/page.tsx(119,43): error TS1005: ',' expected.
src/app/blog/best-sushi-frisco/page.tsx(119,50): error TS1109: Expression expected.
src/app/blog/best-sushi-frisco/page.tsx(119,57): error TS1005: ',' expected.
src/app/blog/best-sushi-frisco/page.tsx(119,58): error TS1137: Expression or comma expected.
src/app/blog/best-sushi-frisco/page.tsx(119,60): error TS1109: Expression expected.
src/app/blog/best-sushi-frisco/page.tsx(119,66): error TS1005: ',' expected.
src/app/blog/best-sushi-frisco/page.tsx(119,85): error TS1005: ',' expected.
src/app/blog/best-sushi-frisco/page.tsx(119,88): error TS1109: Expression expected.
src/app/blog/best-sushi-frisco/page.tsx(119,94): error TS1005: ',' expected.
src/app/blog/best-sushi-frisco/page.tsx(119,107): error TS1005: ',' expected.
src/app/blog/best-sushi-frisco/page.tsx(119,108): error TS1137: Expression or comma expected.
src/app/blog/best-sushi-frisco/page.tsx(119,110): error TS1109: Expression expected.
src/app/blog/best-sushi-frisco/page.tsx(119,116): error TS1005: ',' expected.
src/app/blog/best-sushi-frisco/page.tsx(119,125): error TS1005: ',' expected.
src/app/blog/best-sushi-frisco/page.tsx(119,137): error TS1005: ',' expected.
src/app/blog/best-sushi-frisco/page.tsx(119,140): error TS1109: Expression expected.
src/app/blog/best-sushi-frisco/page.tsx(119,146): error TS1005: ',' expected.
src/app/blog/best-sushi-frisco/page.tsx(119,168): error TS1005: ',' expected.
src/app/blog/best-sushi-frisco/page.tsx(119,169): error TS1137: Expression or comma expected.
src/app/blog/best-sushi-frisco/page.tsx(119,171): error TS1109: Expression expected.
src/app/blog/best-sushi-frisco/page.tsx(119,177): error TS1005: ',' expected.
src/app/blog/best-sushi-frisco/page.tsx(119,194): error TS1005: ',' expected.
src/app/blog/best-sushi-frisco/page.tsx(119,197): error TS1109: Expression expected.
src/app/blog/best-sushi-frisco/page.tsx(119,203): error TS1005: ',' expected.
src/app/blog/best-sushi-frisco/page.tsx(119,222): error TS1005: ',' expected.
src/app/blog/best-sushi-frisco/page.tsx(119,223): error TS1137: Expression or comma expected.
src/app/blog/best-sushi-frisco/page.tsx(119,225): error TS1109: Expression expected.
src/app/blog/best-sushi-frisco/page.tsx(119,231): error TS1005: ',' expected.
src/app/blog/best-sushi-frisco/page.tsx(119,242): error TS1005: ',' expected.
src/app/blog/best-sushi-frisco/page.tsx(119,244): error TS1137: Expression or comma expected.
src/app/blog/best-sushi-frisco/page.tsx(120,9): error TS1137: Expression or comma expected.
src/app/blog/best-sushi-frisco/page.tsx(122,13): error TS1136: Property assignment expected.
src/app/blog/best-sushi-frisco/page.tsx(122,19): error TS1005: ',' expected.
src/app/blog/best-sushi-frisco/page.tsx(122,26): error TS1109: Expression expected.
src/app/blog/best-sushi-frisco/page.tsx(122,33): error TS1005: ',' expected.
src/app/blog/best-sushi-frisco/page.tsx(122,34): error TS1137: Expression or comma expected.
src/app/blog/best-sushi-frisco/page.tsx(122,36): error TS1109: Expression expected.
src/app/blog/best-sushi-frisco/page.tsx(122,42): error TS1005: ',' expected.
src/app/blog/best-sushi-frisco/page.tsx(122,59): error TS1005: ',' expected.
src/app/blog/best-sushi-frisco/page.tsx(123,13): error TS1109: Expression expected.
src/app/blog/best-sushi-frisco/page.tsx(123,19): error TS1005: ',' expected.
src/app/blog/best-sushi-frisco/page.tsx(123,36): error TS1005: ',' expected.
src/app/blog/best-sushi-frisco/page.tsx(123,37): error TS1137: Expression or comma expected.
src/app/blog/best-sushi-frisco/page.tsx(124,13): error TS1109: Expression expected.
src/app/blog/best-sushi-frisco/page.tsx(124,19): error TS1005: ',' expected.
src/app/blog/best-sushi-frisco/page.tsx(124,32): error TS1005: ',' expected.
src/app/blog/best-sushi-frisco/page.tsx(124,33): error TS1137: Expression or comma expected.
src/app/blog/best-sushi-frisco/page.tsx(124,37): error TS1136: Property assignment expected.
src/app/blog/best-sushi-frisco/page.tsx(124,43): error TS1005: ',' expected.
src/app/blog/best-sushi-frisco/page.tsx(124,50): error TS1109: Expression expected.
src/app/blog/best-sushi-frisco/page.tsx(124,57): error TS1005: ',' expected.
src/app/blog/best-sushi-frisco/page.tsx(124,58): error TS1137: Expression or comma expected.
src/app/blog/best-sushi-frisco/page.tsx(124,60): error TS1109: Expression expected.
src/app/blog/best-sushi-frisco/page.tsx(124,66): error TS1005: ',' expected.
src/app/blog/best-sushi-frisco/page.tsx(124,85): error TS1005: ',' expected.
src/app/blog/best-sushi-frisco/page.tsx(124,88): error TS1109: Expression expected.
src/app/blog/best-sushi-frisco/page.tsx(124,94): error TS1005: ',' expected.
src/app/blog/best-sushi-frisco/page.tsx(124,107): error TS1005: ',' expected.
src/app/blog/best-sushi-frisco/page.tsx(124,108): error TS1137: Expression or comma expected.
src/app/blog/best-sushi-frisco/page.tsx(124,110): error TS1109: Expression expected.
src/app/blog/best-sushi-frisco/page.tsx(124,116): error TS1005: ',' expected.
src/app/blog/best-sushi-frisco/page.tsx(124,130): error TS1005: ',' expected.
src/app/blog/best-sushi-frisco/page.tsx(124,133): error TS1109: Expression expected.
src/app/blog/best-sushi-frisco/page.tsx(124,139): error TS1005: ',' expected.
src/app/blog/best-sushi-frisco/page.tsx(124,161): error TS1005: ',' expected.
src/app/blog/best-sushi-frisco/page.tsx(124,162): error TS1137: Expression or comma expected.
src/app/blog/best-sushi-frisco/page.tsx(124,164): error TS1109: Expression expected.
src/app/blog/best-sushi-frisco/page.tsx(124,170): error TS1005: ',' expected.
src/app/blog/best-sushi-frisco/page.tsx(124,187): error TS1005: ',' expected.
src/app/blog/best-sushi-frisco/page.tsx(124,190): error TS1109: Expression expected.
src/app/blog/best-sushi-frisco/page.tsx(124,196): error TS1005: ',' expected.
src/app/blog/best-sushi-frisco/page.tsx(124,215): error TS1005: ',' expected.
src/app/blog/best-sushi-frisco/page.tsx(124,216): error TS1137: Expression or comma expected.
src/app/blog/best-sushi-frisco/page.tsx(124,218): error TS1109: Expression expected.
src/app/blog/best-sushi-frisco/page.tsx(124,224): error TS1005: ',' expected.
src/app/blog/best-sushi-frisco/page.tsx(124,235): error TS1005: ',' expected.
src/app/blog/best-sushi-frisco/page.tsx(124,237): error TS1137: Expression or comma expected.
src/app/blog/best-sushi-frisco/page.tsx(125,9): error TS1137: Expression or comma expected.
src/app/blog/best-sushi-frisco/page.tsx(127,13): error TS1136: Property assignment expected.
src/app/blog/best-sushi-frisco/page.tsx(127,19): error TS1005: ',' expected.
src/app/blog/best-sushi-frisco/page.tsx(127,26): error TS1109: Expression expected.
src/app/blog/best-sushi-frisco/page.tsx(127,33): error TS1005: ',' expected.
src/app/blog/best-sushi-frisco/page.tsx(127,34): error TS1137: Expression or comma expected.
src/app/blog/best-sushi-frisco/page.tsx(127,36): error TS1109: Expression expected.
src/app/blog/best-sushi-frisco/page.tsx(127,42): error TS1005: ',' expected.
src/app/blog/best-sushi-frisco/page.tsx(127,59): error TS1005: ',' expected.
src/app/blog/best-sushi-frisco/page.tsx(128,13): error TS1109: Expression expected.
src/app/blog/best-sushi-frisco/page.tsx(128,19): error TS1005: ',' expected.
src/app/blog/best-sushi-frisco/page.tsx(128,36): error TS1005: ',' expected.
src/app/blog/best-sushi-frisco/page.tsx(128,37): error TS1137: Expression or comma expected.
src/app/blog/best-sushi-frisco/page.tsx(129,13): error TS1109: Expression expected.
src/app/blog/best-sushi-frisco/page.tsx(129,19): error TS1005: ',' expected.
src/app/blog/best-sushi-frisco/page.tsx(129,32): error TS1005: ',' expected.
src/app/blog/best-sushi-frisco/page.tsx(129,33): error TS1137: Expression or comma expected.
src/app/blog/best-sushi-frisco/page.tsx(129,37): error TS1136: Property assignment expected.
src/app/blog/best-sushi-frisco/page.tsx(129,43): error TS1005: ',' expected.
src/app/blog/best-sushi-frisco/page.tsx(129,50): error TS1109: Expression expected.
src/app/blog/best-sushi-frisco/page.tsx(129,57): error TS1005: ',' expected.
src/app/blog/best-sushi-frisco/page.tsx(129,58): error TS1137: Expression or comma expected.
src/app/blog/best-sushi-frisco/page.tsx(129,60): error TS1109: Expression expected.
src/app/blog/best-sushi-frisco/page.tsx(129,66): error TS1005: ',' expected.
src/app/blog/best-sushi-frisco/page.tsx(129,85): error TS1005: ',' expected.
src/app/blog/best-sushi-frisco/page.tsx(129,88): error TS1109: Expression expected.
src/app/blog/best-sushi-frisco/page.tsx(129,94): error TS1005: ',' expected.
src/app/blog/best-sushi-frisco/page.tsx(129,107): error TS1005: ',' expected.
src/app/blog/best-sushi-frisco/page.tsx(129,108): error TS1137: Expression or comma expected.
src/app/blog/best-sushi-frisco/page.tsx(129,110): error TS1109: Expression expected.
src/app/blog/best-sushi-frisco/page.tsx(129,116): error TS1005: ',' expected.
src/app/blog/best-sushi-frisco/page.tsx(129,130): error TS1005: ',' expected.
src/app/blog/best-sushi-frisco/page.tsx(129,133): error TS1109: Expression expected.
src/app/blog/best-sushi-frisco/page.tsx(129,139): error TS1005: ',' expected.
src/app/blog/best-sushi-frisco/page.tsx(129,161): error TS1005: ',' expected.
src/app/blog/best-sushi-frisco/page.tsx(129,162): error TS1137: Expression or comma expected.
src/app/blog/best-sushi-frisco/page.tsx(129,164): error TS1109: Expression expected.
src/app/blog/best-sushi-frisco/page.tsx(129,170): error TS1005: ',' expected.
src/app/blog/best-sushi-frisco/page.tsx(129,187): error TS1005: ',' expected.
src/app/blog/best-sushi-frisco/page.tsx(129,190): error TS1109: Expression expected.
src/app/blog/best-sushi-frisco/page.tsx(129,196): error TS1005: ',' expected.
src/app/blog/best-sushi-frisco/page.tsx(129,215): error TS1005: ',' expected.
src/app/blog/best-sushi-frisco/page.tsx(129,216): error TS1137: Expression or comma expected.
src/app/blog/best-sushi-frisco/page.tsx(129,218): error TS1109: Expression expected.
src/app/blog/best-sushi-frisco/page.tsx(129,224): error TS1005: ',' expected.
src/app/blog/best-sushi-frisco/page.tsx(129,236): error TS1005: ',' expected.
src/app/blog/best-sushi-frisco/page.tsx(129,238): error TS1137: Expression or comma expected.
src/app/blog/best-sushi-frisco/page.tsx(130,9): error TS1137: Expression or comma expected.
src/app/blog/best-sushi-frisco/page.tsx(132,1): error TS1109: Expression expected.
src/app/blog/birthday-celebration-restaurants/page.tsx(182,104): error TS1109: Expression expected.
src/app/blog/birthday-celebration-restaurants/page.tsx(182,109): error TS1005: '}' expected.
src/app/blog/birthday-celebration-restaurants/page.tsx(182,117): error TS1381: Unexpected token. Did you mean `{'}'}` or `&rbrace;`?
src/app/blog/birthday-celebration-restaurants/page.tsx(202,134): error TS1109: Expression expected.
src/app/blog/birthday-celebration-restaurants/page.tsx(202,139): error TS1005: '}' expected.
src/app/blog/birthday-celebration-restaurants/page.tsx(202,147): error TS1381: Unexpected token. Did you mean `{'}'}` or `&rbrace;`?
src/app/blog/birthday-celebration-restaurants/page.tsx(206,42): error TS1109: Expression expected.
src/app/blog/birthday-celebration-restaurants/page.tsx(206,47): error TS1005: '}' expected.
src/app/blog/birthday-celebration-restaurants/page.tsx(206,55): error TS1381: Unexpected token. Did you mean `{'}'}` or `&rbrace;`?
src/app/blog/birthday-celebration-restaurants/page.tsx(286,153): error TS1109: Expression expected.
src/app/blog/birthday-celebration-restaurants/page.tsx(286,158): error TS1005: '}' expected.
src/app/blog/birthday-celebration-restaurants/page.tsx(286,166): error TS1381: Unexpected token. Did you mean `{'}'}` or `&rbrace;`?
src/app/blog/birthday-celebration-restaurants/page.tsx(290,50): error TS1109: Expression expected.
src/app/blog/birthday-celebration-restaurants/page.tsx(290,55): error TS1005: '}' expected.
src/app/blog/birthday-celebration-restaurants/page.tsx(290,63): error TS1381: Unexpected token. Did you mean `{'}'}` or `&rbrace;`?
src/app/blog/bridal-shower-venues/page.tsx(177,26): error TS1109: Expression expected.
src/app/blog/bridal-shower-venues/page.tsx(177,31): error TS1005: '}' expected.
src/app/blog/bridal-shower-venues/page.tsx(177,39): error TS1381: Unexpected token. Did you mean `{'}'}` or `&rbrace;`?
src/app/blog/bridal-shower-venues/page.tsx(180,17): error TS1109: Expression expected.
src/app/blog/bridal-shower-venues/page.tsx(180,22): error TS1005: '}' expected.
src/app/blog/bridal-shower-venues/page.tsx(180,30): error TS1381: Unexpected token. Did you mean `{'}'}` or `&rbrace;`?
src/app/blog/bridal-shower-venues/page.tsx(181,13): error TS1109: Expression expected.
src/app/blog/bridal-shower-venues/page.tsx(181,18): error TS1005: '}' expected.
src/app/blog/bridal-shower-venues/page.tsx(181,26): error TS1381: Unexpected token. Did you mean `{'}'}` or `&rbrace;`?
src/app/blog/bridal-shower-venues/page.tsx(184,17): error TS1109: Expression expected.
src/app/blog/bridal-shower-venues/page.tsx(184,22): error TS1005: '}' expected.
src/app/blog/bridal-shower-venues/page.tsx(184,30): error TS1381: Unexpected token. Did you mean `{'}'}` or `&rbrace;`?
src/app/blog/bridal-shower-venues/page.tsx(357,54): error TS1109: Expression expected.
src/app/blog/bridal-shower-venues/page.tsx(357,59): error TS1005: '}' expected.
src/app/blog/bridal-shower-venues/page.tsx(357,67): error TS1381: Unexpected token. Did you mean `{'}'}` or `&rbrace;`?
src/app/blog/bridal-shower-venues/page.tsx(363,52): error TS1109: Expression expected.
src/app/blog/bridal-shower-venues/page.tsx(363,57): error TS1005: '}' expected.
src/app/blog/bridal-shower-venues/page.tsx(363,65): error TS1381: Unexpected token. Did you mean `{'}'}` or `&rbrace;`?
src/app/blog/category/[category]/page.tsx(329,10): error TS1109: Expression expected.
src/app/blog/category/[category]/page.tsx(329,15): error TS1005: ',' expected.
src/app/blog/category/[category]/page.tsx(329,21): error TS1005: ',' expected.
src/app/blog/category/[category]/page.tsx(329,27): error TS1128: Declaration or statement expected.
src/app/blog/category/[category]/page.tsx(330,12): error TS1109: Expression expected.
src/app/blog/category/[category]/page.tsx(330,31): error TS1128: Declaration or statement expected.
src/app/blog/category/[category]/page.tsx(331,17): error TS1109: Expression expected.
src/app/blog/category/[category]/page.tsx(331,41): error TS1128: Declaration or statement expected.
src/app/blog/category/[category]/page.tsx(332,3): error TS1109: Expression expected.
src/app/blog/category/[category]/page.tsx(332,25): error TS1128: Declaration or statement expected.
src/app/blog/category/[category]/page.tsx(332,27): error TS1109: Expression expected.
src/app/blog/category/[category]/page.tsx(332,33): error TS1434: Unexpected keyword or identifier.
src/app/blog/category/[category]/page.tsx(332,49): error TS1128: Declaration or statement expected.
src/app/blog/category/[category]/page.tsx(333,3): error TS1109: Expression expected.
src/app/blog/category/[category]/page.tsx(333,26): error TS1128: Declaration or statement expected.
src/app/blog/category/[category]/page.tsx(333,28): error TS1109: Expression expected.
src/app/blog/category/[category]/page.tsx(333,34): error TS1434: Unexpected keyword or identifier.
src/app/blog/category/[category]/page.tsx(333,51): error TS1128: Declaration or statement expected.
src/app/blog/category/[category]/page.tsx(334,3): error TS1109: Expression expected.
src/app/blog/category/[category]/page.tsx(334,22): error TS1128: Declaration or statement expected.
src/app/blog/category/[category]/page.tsx(334,24): error TS1109: Expression expected.
src/app/blog/category/[category]/page.tsx(334,30): error TS1434: Unexpected keyword or identifier.
src/app/blog/category/[category]/page.tsx(334,43): error TS1128: Declaration or statement expected.
src/app/blog/category/[category]/page.tsx(335,14): error TS1109: Expression expected.
src/app/blog/category/[category]/page.tsx(335,35): error TS1128: Declaration or statement expected.
src/app/blog/category/[category]/page.tsx(336,12): error TS1109: Expression expected.
src/app/blog/category/[category]/page.tsx(336,31): error TS1128: Declaration or statement expected.
src/app/blog/category/[category]/page.tsx(337,11): error TS1109: Expression expected.
src/app/blog/category/[category]/page.tsx(337,29): error TS1128: Declaration or statement expected.
src/app/blog/category/[category]/page.tsx(338,3): error TS1109: Expression expected.
src/app/blog/category/[category]/page.tsx(338,27): error TS1128: Declaration or statement expected.
src/app/blog/category/[category]/page.tsx(338,29): error TS1109: Expression expected.
src/app/blog/category/[category]/page.tsx(338,35): error TS1434: Unexpected keyword or identifier.
src/app/blog/category/[category]/page.tsx(338,52): error TS1128: Declaration or statement expected.
src/app/blog/category/[category]/page.tsx(339,1): error TS1128: Declaration or statement expected.
src/app/blog/category/[category]/page.tsx(351,21): error TS1109: Expression expected.
src/app/blog/category/[category]/page.tsx(351,26): error TS1005: ',' expected.
src/app/blog/category/[category]/page.tsx(351,36): error TS1005: ',' expected.
src/app/blog/category/[category]/page.tsx(351,40): error TS1005: ',' expected.
src/app/blog/category/[category]/page.tsx(351,46): error TS1005: ',' expected.
src/app/blog/category/[category]/page.tsx(351,55): error TS1005: ';' expected.
src/app/blog/category/[category]/page.tsx(355,13): error TS1109: Expression expected.
src/app/blog/category/[category]/page.tsx(355,18): error TS1005: ',' expected.
src/app/blog/category/[category]/page.tsx(355,25): error TS1005: ',' expected.
src/app/blog/category/[category]/page.tsx(355,31): error TS1005: ',' expected.
src/app/blog/category/[category]/page.tsx(355,37): error TS1128: Declaration or statement expected.
src/app/blog/category/[category]/page.tsx(355,39): error TS1109: Expression expected.
src/app/blog/category/[category]/page.tsx(355,45): error TS1434: Unexpected keyword or identifier.
src/app/blog/category/[category]/page.tsx(355,50): error TS1434: Unexpected keyword or identifier.
src/app/blog/category/[category]/page.tsx(355,68): error TS1128: Declaration or statement expected.
src/app/blog/category/[category]/page.tsx(355,70): error TS1109: Expression expected.
src/app/blog/category/[category]/page.tsx(355,76): error TS1434: Unexpected keyword or identifier.
src/app/blog/category/[category]/page.tsx(355,85): error TS1434: Unexpected keyword or identifier.
src/app/blog/category/[category]/page.tsx(355,91): error TS1434: Unexpected keyword or identifier.
src/app/blog/category/[category]/page.tsx(355,104): error TS1128: Declaration or statement expected.
src/app/blog/category/[category]/page.tsx(355,106): error TS1109: Expression expected.
src/app/blog/category/[category]/page.tsx(355,112): error TS1434: Unexpected keyword or identifier.
src/app/blog/category/[category]/page.tsx(355,118): error TS1434: Unexpected keyword or identifier.
src/app/blog/category/[category]/page.tsx(355,135): error TS1128: Declaration or statement expected.
src/app/blog/category/[category]/page.tsx(355,137): error TS1109: Expression expected.
src/app/blog/category/[category]/page.tsx(355,143): error TS1434: Unexpected keyword or identifier.
src/app/blog/category/[category]/page.tsx(355,151): error TS1434: Unexpected keyword or identifier.
src/app/blog/category/[category]/page.tsx(355,166): error TS1128: Declaration or statement expected.
src/app/blog/category/[category]/page.tsx(355,168): error TS1109: Expression expected.
src/app/blog/category/[category]/page.tsx(355,174): error TS1434: Unexpected keyword or identifier.
src/app/blog/category/[category]/page.tsx(355,180): error TS1434: Unexpected keyword or identifier.
src/app/blog/category/[category]/page.tsx(355,186): error TS1434: Unexpected keyword or identifier.
src/app/blog/category/[category]/page.tsx(355,201): error TS1128: Declaration or statement expected.
src/app/blog/category/[category]/page.tsx(355,202): error TS1128: Declaration or statement expected.
src/app/blog/category/[category]/page.tsx(356,15): error TS1109: Expression expected.
src/app/blog/category/[category]/page.tsx(356,20): error TS1005: ',' expected.
src/app/blog/category/[category]/page.tsx(356,29): error TS1005: ',' expected.
src/app/blog/category/[category]/page.tsx(356,40): error TS1005: ',' expected.
src/app/blog/category/[category]/page.tsx(356,43): error TS1109: Expression expected.
src/app/blog/category/[category]/page.tsx(356,48): error TS1005: ',' expected.
src/app/blog/category/[category]/page.tsx(356,60): error TS1005: ',' expected.
src/app/blog/category/[category]/page.tsx(356,71): error TS1005: ',' expected.
src/app/blog/category/[category]/page.tsx(356,74): error TS1109: Expression expected.
src/app/blog/category/[category]/page.tsx(356,79): error TS1005: ',' expected.
src/app/blog/category/[category]/page.tsx(356,88): error TS1005: ',' expected.
src/app/blog/category/[category]/page.tsx(356,99): error TS1005: ',' expected.
src/app/blog/category/[category]/page.tsx(356,104): error TS1005: ',' expected.
src/app/blog/category/[category]/page.tsx(356,111): error TS1005: ',' expected.
src/app/blog/category/[category]/page.tsx(356,114): error TS1109: Expression expected.
src/app/blog/category/[category]/page.tsx(356,119): error TS1005: ',' expected.
src/app/blog/category/[category]/page.tsx(356,128): error TS1005: ',' expected.
src/app/blog/category/[category]/page.tsx(356,134): error TS1005: ',' expected.
src/app/blog/category/[category]/page.tsx(356,144): error TS1005: ',' expected.
src/app/blog/category/[category]/page.tsx(356,147): error TS1109: Expression expected.
src/app/blog/category/[category]/page.tsx(356,152): error TS1005: ',' expected.
src/app/blog/category/[category]/page.tsx(356,161): error TS1005: ',' expected.
src/app/blog/category/[category]/page.tsx(356,166): error TS1005: ',' expected.
src/app/blog/category/[category]/page.tsx(356,175): error TS1005: ',' expected.
src/app/blog/category/[category]/page.tsx(356,178): error TS1109: Expression expected.
src/app/blog/category/[category]/page.tsx(356,183): error TS1005: ',' expected.
src/app/blog/category/[category]/page.tsx(356,189): error TS1005: ',' expected.
src/app/blog/category/[category]/page.tsx(356,197): error TS1005: ',' expected.
src/app/blog/category/[category]/page.tsx(356,208): error TS1005: ',' expected.
src/app/blog/category/[category]/page.tsx(357,17): error TS1005: ';' expected.
src/app/blog/category/[category]/page.tsx(357,20): error TS1109: Expression expected.
src/app/blog/category/[category]/page.tsx(357,25): error TS1005: ',' expected.
src/app/blog/category/[category]/page.tsx(357,35): error TS1005: ',' expected.
src/app/blog/category/[category]/page.tsx(357,41): error TS1005: ',' expected.
src/app/blog/category/[category]/page.tsx(357,52): error TS1005: ',' expected.
src/app/blog/category/[category]/page.tsx(357,63): error TS1005: ',' expected.
src/app/blog/category/[category]/page.tsx(357,66): error TS1109: Expression expected.
src/app/blog/category/[category]/page.tsx(357,71): error TS1005: ',' expected.
src/app/blog/category/[category]/page.tsx(357,80): error TS1005: ',' expected.
src/app/blog/category/[category]/page.tsx(357,87): error TS1005: ',' expected.
src/app/blog/category/[category]/page.tsx(357,98): error TS1005: ',' expected.
src/app/blog/category/[category]/page.tsx(357,101): error TS1109: Expression expected.
src/app/blog/category/[category]/page.tsx(357,106): error TS1005: ',' expected.
src/app/blog/category/[category]/page.tsx(357,119): error TS1005: ',' expected.
src/app/blog/category/[category]/page.tsx(357,125): error TS1005: ',' expected.
src/app/blog/category/[category]/page.tsx(357,138): error TS1005: ',' expected.
src/app/blog/category/[category]/page.tsx(357,141): error TS1109: Expression expected.
src/app/blog/category/[category]/page.tsx(357,146): error TS1005: ',' expected.
src/app/blog/category/[category]/page.tsx(357,153): error TS1005: ',' expected.
src/app/blog/category/[category]/page.tsx(357,160): error TS1005: ',' expected.
src/app/blog/category/[category]/page.tsx(357,172): error TS1005: ',' expected.
src/app/blog/category/[category]/page.tsx(357,175): error TS1109: Expression expected.
src/app/blog/category/[category]/page.tsx(357,180): error TS1005: ',' expected.
src/app/blog/category/[category]/page.tsx(357,193): error TS1005: ',' expected.
src/app/blog/category/[category]/page.tsx(357,200): error TS1005: ',' expected.
src/app/blog/category/[category]/page.tsx(357,211): error TS1005: ',' expected.
src/app/blog/category/[category]/page.tsx(358,5): error TS1109: Expression expected.
src/app/blog/category/[category]/page.tsx(358,27): error TS1128: Declaration or statement expected.
src/app/blog/category/[category]/page.tsx(358,30): error TS1109: Expression expected.
src/app/blog/category/[category]/page.tsx(358,35): error TS1005: ',' expected.
src/app/blog/category/[category]/page.tsx(358,42): error TS1005: ',' expected.
src/app/blog/category/[category]/page.tsx(358,47): error TS1005: ',' expected.
src/app/blog/category/[category]/page.tsx(358,54): error TS1005: ',' expected.
src/app/blog/category/[category]/page.tsx(358,61): error TS1005: ',' expected.
src/app/blog/category/[category]/page.tsx(358,64): error TS1109: Expression expected.
src/app/blog/category/[category]/page.tsx(358,69): error TS1005: ',' expected.
src/app/blog/category/[category]/page.tsx(358,75): error TS1005: ',' expected.
src/app/blog/category/[category]/page.tsx(358,79): error TS1005: ',' expected.
src/app/blog/category/[category]/page.tsx(358,90): error TS1005: ',' expected.
src/app/blog/category/[category]/page.tsx(358,93): error TS1109: Expression expected.
src/app/blog/category/[category]/page.tsx(358,98): error TS1005: ',' expected.
src/app/blog/category/[category]/page.tsx(358,108): error TS1005: ',' expected.
src/app/blog/category/[category]/page.tsx(358,122): error TS1005: ',' expected.
src/app/blog/category/[category]/page.tsx(358,125): error TS1109: Expression expected.
src/app/blog/category/[category]/page.tsx(358,130): error TS1005: ',' expected.
src/app/blog/category/[category]/page.tsx(358,137): error TS1005: ',' expected.
src/app/blog/category/[category]/page.tsx(358,146): error TS1005: ',' expected.
src/app/blog/category/[category]/page.tsx(358,151): error TS1005: ',' expected.
src/app/blog/category/[category]/page.tsx(358,158): error TS1005: ',' expected.
src/app/blog/category/[category]/page.tsx(358,161): error TS1109: Expression expected.
src/app/blog/category/[category]/page.tsx(358,166): error TS1005: ',' expected.
src/app/blog/category/[category]/page.tsx(358,172): error TS1005: ',' expected.
src/app/blog/category/[category]/page.tsx(358,180): error TS1005: ',' expected.
src/app/blog/category/[category]/page.tsx(358,191): error TS1005: ',' expected.
src/app/blog/category/[category]/page.tsx(359,5): error TS1109: Expression expected.
src/app/blog/category/[category]/page.tsx(359,28): error TS1128: Declaration or statement expected.
src/app/blog/category/[category]/page.tsx(359,31): error TS1109: Expression expected.
src/app/blog/category/[category]/page.tsx(359,36): error TS1005: ',' expected.
src/app/blog/category/[category]/page.tsx(359,46): error TS1005: ',' expected.
src/app/blog/category/[category]/page.tsx(359,57): error TS1005: ',' expected.
src/app/blog/category/[category]/page.tsx(359,64): error TS1005: ',' expected.
src/app/blog/category/[category]/page.tsx(359,71): error TS1005: ',' expected.
src/app/blog/category/[category]/page.tsx(359,74): error TS1109: Expression expected.
src/app/blog/category/[category]/page.tsx(359,79): error TS1005: ',' expected.
src/app/blog/category/[category]/page.tsx(359,85): error TS1005: ',' expected.
src/app/blog/category/[category]/page.tsx(359,97): error TS1005: ',' expected.
src/app/blog/category/[category]/page.tsx(359,108): error TS1005: ',' expected.
src/app/blog/category/[category]/page.tsx(359,111): error TS1109: Expression expected.
src/app/blog/category/[category]/page.tsx(359,116): error TS1005: ',' expected.
src/app/blog/category/[category]/page.tsx(359,123): error TS1005: ',' expected.
src/app/blog/category/[category]/page.tsx(359,128): error TS1005: ',' expected.
src/app/blog/category/[category]/page.tsx(359,133): error TS1005: ',' expected.
src/app/blog/category/[category]/page.tsx(359,140): error TS1005: ',' expected.
src/app/blog/category/[category]/page.tsx(359,143): error TS1109: Expression expected.
src/app/blog/category/[category]/page.tsx(359,148): error TS1005: ',' expected.
src/app/blog/category/[category]/page.tsx(359,154): error TS1005: ',' expected.
src/app/blog/category/[category]/page.tsx(359,160): error TS1005: ',' expected.
src/app/blog/category/[category]/page.tsx(359,171): error TS1005: ',' expected.
src/app/blog/category/[category]/page.tsx(359,174): error TS1109: Expression expected.
src/app/blog/category/[category]/page.tsx(359,179): error TS1005: ',' expected.
src/app/blog/category/[category]/page.tsx(359,185): error TS1005: ',' expected.
src/app/blog/category/[category]/page.tsx(359,192): error TS1005: ',' expected.
src/app/blog/category/[category]/page.tsx(359,199): error TS1005: ',' expected.
src/app/blog/category/[category]/page.tsx(359,206): error TS1005: ',' expected.
src/app/blog/category/[category]/page.tsx(360,5): error TS1109: Expression expected.
src/app/blog/category/[category]/page.tsx(360,24): error TS1128: Declaration or statement expected.
src/app/blog/category/[category]/page.tsx(360,27): error TS1109: Expression expected.
src/app/blog/category/[category]/page.tsx(360,32): error TS1005: ',' expected.
src/app/blog/category/[category]/page.tsx(360,38): error TS1005: ',' expected.
src/app/blog/category/[category]/page.tsx(360,44): error TS1005: ',' expected.
src/app/blog/category/[category]/page.tsx(360,49): error TS1005: ',' expected.
src/app/blog/category/[category]/page.tsx(360,56): error TS1005: ',' expected.
src/app/blog/category/[category]/page.tsx(360,59): error TS1109: Expression expected.
src/app/blog/category/[category]/page.tsx(360,64): error TS1005: ',' expected.
src/app/blog/category/[category]/page.tsx(360,70): error TS1005: ',' expected.
src/app/blog/category/[category]/page.tsx(360,78): error TS1005: ',' expected.
src/app/blog/category/[category]/page.tsx(360,89): error TS1005: ',' expected.
src/app/blog/category/[category]/page.tsx(360,92): error TS1109: Expression expected.
src/app/blog/category/[category]/page.tsx(360,97): error TS1005: ',' expected.
src/app/blog/category/[category]/page.tsx(360,103): error TS1005: ',' expected.
src/app/blog/category/[category]/page.tsx(360,112): error TS1005: ',' expected.
src/app/blog/category/[category]/page.tsx(360,123): error TS1005: ',' expected.
src/app/blog/category/[category]/page.tsx(360,134): error TS1005: ',' expected.
src/app/blog/category/[category]/page.tsx(360,137): error TS1109: Expression expected.
src/app/blog/category/[category]/page.tsx(360,142): error TS1005: ',' expected.
src/app/blog/category/[category]/page.tsx(360,148): error TS1005: ',' expected.
src/app/blog/category/[category]/page.tsx(360,154): error TS1005: ',' expected.
src/app/blog/category/[category]/page.tsx(360,159): error TS1005: ',' expected.
src/app/blog/category/[category]/page.tsx(360,167): error TS1005: ',' expected.
src/app/blog/category/[category]/page.tsx(360,170): error TS1109: Expression expected.
src/app/blog/category/[category]/page.tsx(360,175): error TS1005: ',' expected.
src/app/blog/category/[category]/page.tsx(360,180): error TS1005: ',' expected.
src/app/blog/category/[category]/page.tsx(360,192): error TS1005: ',' expected.
src/app/blog/category/[category]/page.tsx(360,199): error TS1005: ',' expected.
src/app/blog/category/[category]/page.tsx(360,206): error TS1005: ',' expected.
src/app/blog/category/[category]/page.tsx(361,14): error TS1005: ';' expected.
src/app/blog/category/[category]/page.tsx(361,17): error TS1109: Expression expected.
src/app/blog/category/[category]/page.tsx(361,22): error TS1005: ',' expected.
src/app/blog/category/[category]/page.tsx(361,28): error TS1005: ',' expected.
src/app/blog/category/[category]/page.tsx(361,38): error TS1005: ',' expected.
src/app/blog/category/[category]/page.tsx(361,41): error TS1109: Expression expected.
src/app/blog/category/[category]/page.tsx(361,46): error TS1005: ',' expected.
src/app/blog/category/[category]/page.tsx(361,56): error TS1005: ',' expected.
src/app/blog/category/[category]/page.tsx(361,68): error TS1005: ',' expected.
src/app/blog/category/[category]/page.tsx(361,71): error TS1109: Expression expected.
src/app/blog/category/[category]/page.tsx(361,76): error TS1005: ',' expected.
src/app/blog/category/[category]/page.tsx(361,86): error TS1005: ',' expected.
src/app/blog/category/[category]/page.tsx(361,96): error TS1005: ',' expected.
src/app/blog/category/[category]/page.tsx(361,105): error TS1005: ',' expected.
src/app/blog/category/[category]/page.tsx(361,108): error TS1109: Expression expected.
src/app/blog/category/[category]/page.tsx(361,113): error TS1005: ',' expected.
src/app/blog/category/[category]/page.tsx(361,119): error TS1005: ',' expected.
src/app/blog/category/[category]/page.tsx(361,127): error TS1005: ',' expected.
src/app/blog/category/[category]/page.tsx(361,136): error TS1005: ',' expected.
src/app/blog/category/[category]/page.tsx(361,139): error TS1109: Expression expected.
src/app/blog/category/[category]/page.tsx(361,144): error TS1005: ',' expected.
src/app/blog/category/[category]/page.tsx(361,152): error TS1005: ',' expected.
src/app/blog/category/[category]/page.tsx(361,161): error TS1005: ',' expected.
src/app/blog/category/[category]/page.tsx(361,164): error TS1109: Expression expected.
src/app/blog/category/[category]/page.tsx(361,169): error TS1005: ',' expected.
src/app/blog/category/[category]/page.tsx(361,179): error TS1005: ',' expected.
src/app/blog/category/[category]/page.tsx(361,191): error TS1005: ',' expected.
src/app/blog/category/[category]/page.tsx(362,12): error TS1005: ';' expected.
src/app/blog/category/[category]/page.tsx(362,15): error TS1109: Expression expected.
src/app/blog/category/[category]/page.tsx(362,20): error TS1005: ',' expected.
src/app/blog/category/[category]/page.tsx(362,30): error TS1005: ',' expected.
src/app/blog/category/[category]/page.tsx(362,38): error TS1005: ',' expected.
src/app/blog/category/[category]/page.tsx(362,48): error TS1005: ',' expected.
src/app/blog/category/[category]/page.tsx(362,51): error TS1109: Expression expected.
src/app/blog/category/[category]/page.tsx(362,56): error TS1005: ',' expected.
src/app/blog/category/[category]/page.tsx(362,63): error TS1005: ',' expected.
src/app/blog/category/[category]/page.tsx(362,66): error TS1005: ',' expected.
src/app/blog/category/[category]/page.tsx(362,76): error TS1005: ',' expected.
src/app/blog/category/[category]/page.tsx(362,79): error TS1109: Expression expected.
src/app/blog/category/[category]/page.tsx(362,84): error TS1005: ',' expected.
src/app/blog/category/[category]/page.tsx(362,90): error TS1005: ',' expected.
src/app/blog/category/[category]/page.tsx(362,93): error TS1005: ',' expected.
src/app/blog/category/[category]/page.tsx(362,105): error TS1005: ',' expected.
src/app/blog/category/[category]/page.tsx(362,108): error TS1109: Expression expected.
src/app/blog/category/[category]/page.tsx(362,113): error TS1005: ',' expected.
src/app/blog/category/[category]/page.tsx(362,122): error TS1005: ',' expected.
src/app/blog/category/[category]/page.tsx(362,125): error TS1005: ',' expected.
src/app/blog/category/[category]/page.tsx(362,135): error TS1005: ',' expected.
src/app/blog/category/[category]/page.tsx(362,138): error TS1109: Expression expected.
src/app/blog/category/[category]/page.tsx(362,143): error TS1005: ',' expected.
src/app/blog/category/[category]/page.tsx(362,155): error TS1005: ',' expected.
src/app/blog/category/[category]/page.tsx(362,169): error TS1005: ',' expected.
src/app/blog/category/[category]/page.tsx(362,172): error TS1109: Expression expected.
src/app/blog/category/[category]/page.tsx(362,177): error TS1005: ',' expected.
src/app/blog/category/[category]/page.tsx(362,187): error TS1005: ',' expected.
src/app/blog/category/[category]/page.tsx(362,192): error TS1005: ',' expected.
src/app/blog/category/[category]/page.tsx(362,204): error TS1005: ',' expected.
src/app/blog/category/[category]/page.tsx(363,11): error TS1005: ';' expected.
src/app/blog/category/[category]/page.tsx(363,14): error TS1109: Expression expected.
src/app/blog/category/[category]/page.tsx(363,19): error TS1005: ',' expected.
src/app/blog/category/[category]/page.tsx(363,28): error TS1005: ',' expected.
src/app/blog/category/[category]/page.tsx(363,41): error TS1005: ',' expected.
src/app/blog/category/[category]/page.tsx(363,44): error TS1109: Expression expected.
src/app/blog/category/[category]/page.tsx(363,49): error TS1005: ',' expected.
src/app/blog/category/[category]/page.tsx(363,53): error TS1005: ',' expected.
src/app/blog/category/[category]/page.tsx(363,59): error TS1005: ',' expected.
src/app/blog/category/[category]/page.tsx(363,71): error TS1005: ',' expected.
src/app/blog/category/[category]/page.tsx(363,74): error TS1109: Expression expected.
src/app/blog/category/[category]/page.tsx(363,79): error TS1005: ',' expected.
src/app/blog/category/[category]/page.tsx(363,89): error TS1005: ',' expected.
src/app/blog/category/[category]/page.tsx(363,94): error TS1005: ',' expected.
src/app/blog/category/[category]/page.tsx(363,108): error TS1005: ',' expected.
src/app/blog/category/[category]/page.tsx(363,111): error TS1109: Expression expected.
src/app/blog/category/[category]/page.tsx(363,116): error TS1005: ',' expected.
src/app/blog/category/[category]/page.tsx(363,125): error TS1005: ',' expected.
src/app/blog/category/[category]/page.tsx(363,133): error TS1005: ',' expected.
src/app/blog/category/[category]/page.tsx(363,145): error TS1005: ',' expected.
src/app/blog/category/[category]/page.tsx(363,148): error TS1109: Expression expected.
src/app/blog/category/[category]/page.tsx(363,153): error TS1005: ',' expected.
src/app/blog/category/[category]/page.tsx(363,162): error TS1005: ',' expected.
src/app/blog/category/[category]/page.tsx(363,175): error TS1005: ',' expected.
src/app/blog/category/[category]/page.tsx(364,5): error TS1109: Expression expected.
src/app/blog/category/[category]/page.tsx(364,29): error TS1128: Declaration or statement expected.
src/app/blog/category/[category]/page.tsx(364,32): error TS1109: Expression expected.
src/app/blog/category/[category]/page.tsx(364,37): error TS1005: ',' expected.
src/app/blog/category/[category]/page.tsx(364,47): error TS1005: ',' expected.
src/app/blog/category/[category]/page.tsx(364,58): error TS1005: ',' expected.
src/app/blog/category/[category]/page.tsx(364,63): error TS1005: ',' expected.
src/app/blog/category/[category]/page.tsx(364,70): error TS1005: ',' expected.
src/app/blog/category/[category]/page.tsx(364,73): error TS1109: Expression expected.
src/app/blog/category/[category]/page.tsx(364,78): error TS1005: ',' expected.
src/app/blog/category/[category]/page.tsx(364,91): error TS1005: ',' expected.
src/app/blog/category/[category]/page.tsx(364,98): error TS1005: ',' expected.
src/app/blog/category/[category]/page.tsx(364,105): error TS1005: ',' expected.
src/app/blog/category/[category]/page.tsx(364,108): error TS1109: Expression expected.
src/app/blog/category/[category]/page.tsx(364,113): error TS1005: ',' expected.
src/app/blog/category/[category]/page.tsx(364,126): error TS1005: ',' expected.
src/app/blog/category/[category]/page.tsx(364,137): error TS1005: ',' expected.
src/app/blog/category/[category]/page.tsx(364,144): error TS1005: ',' expected.
src/app/blog/category/[category]/page.tsx(364,147): error TS1109: Expression expected.
src/app/blog/category/[category]/page.tsx(364,152): error TS1005: ',' expected.
src/app/blog/category/[category]/page.tsx(364,160): error TS1005: ',' expected.
src/app/blog/category/[category]/page.tsx(364,165): error TS1005: ',' expected.
src/app/blog/category/[category]/page.tsx(364,180): error TS1005: ',' expected.
src/app/blog/category/[category]/page.tsx(364,183): error TS1109: Expression expected.
src/app/blog/category/[category]/page.tsx(364,188): error TS1005: ',' expected.
src/app/blog/category/[category]/page.tsx(364,194): error TS1005: ',' expected.
src/app/blog/category/[category]/page.tsx(364,200): error TS1005: ',' expected.
src/app/blog/category/[category]/page.tsx(364,208): error TS1005: ',' expected.
src/app/blog/category/[category]/page.tsx(365,3): error TS1109: Expression expected.
src/app/blog/category/[category]/page.tsx(375,13): error TS1109: Expression expected.
src/app/blog/category/[category]/page.tsx(375,18): error TS1005: ',' expected.
src/app/blog/category/[category]/page.tsx(375,26): error TS1005: ',' expected.
src/app/blog/category/[category]/page.tsx(375,31): error TS1005: ',' expected.
src/app/blog/category/[category]/page.tsx(375,32): error TS1136: Property assignment expected.
src/app/blog/category/[category]/page.tsx(377,15): error TS1005: ';' expected.
src/app/blog/category/[category]/page.tsx(379,5): error TS1109: Expression expected.
src/app/blog/category/[category]/page.tsx(379,6): error TS1128: Declaration or statement expected.
src/app/blog/category/[category]/page.tsx(380,3): error TS1128: Declaration or statement expected.
src/app/blog/category/[category]/page.tsx(381,1): error TS1128: Declaration or statement expected.
src/app/blog/category/[category]/page.tsx(403,5): error TS1136: Property assignment expected.
src/app/blog/category/[category]/page.tsx(403,19): error TS1146: Declaration expected.
src/app/blog/category/[category]/page.tsx(403,25): error TS1128: Declaration or statement expected.
src/app/blog/category/[category]/page.tsx(403,27): error TS1109: Expression expected.
src/app/blog/category/[category]/page.tsx(404,5): error TS1109: Expression expected.
src/app/blog/category/[category]/page.tsx(404,16): error TS1146: Declaration expected.
src/app/blog/category/[category]/page.tsx(404,22): error TS1128: Declaration or statement expected.
src/app/blog/category/[category]/page.tsx(404,24): error TS1109: Expression expected.
src/app/blog/category/[category]/page.tsx(404,50): error TS1128: Declaration or statement expected.
src/app/blog/category/[category]/page.tsx(406,9): error TS1136: Property assignment expected.
src/app/blog/category/[category]/page.tsx(406,14): error TS1005: ',' expected.
src/app/blog/category/[category]/page.tsx(406,20): error TS1109: Expression expected.
src/app/blog/category/[category]/page.tsx(406,25): error TS1005: ',' expected.
src/app/blog/category/[category]/page.tsx(406,26): error TS1137: Expression or comma expected.
src/app/blog/category/[category]/page.tsx(406,28): error TS1109: Expression expected.
src/app/blog/category/[category]/page.tsx(406,33): error TS1005: ',' expected.
src/app/blog/category/[category]/page.tsx(406,47): error TS1005: ',' expected.
src/app/blog/category/[category]/page.tsx(406,58): error TS1005: ',' expected.
src/app/blog/category/[category]/page.tsx(406,67): error TS1005: ',' expected.
src/app/blog/category/[category]/page.tsx(406,69): error TS1109: Expression expected.
src/app/blog/category/[category]/page.tsx(406,74): error TS1005: ',' expected.
src/app/blog/category/[category]/page.tsx(406,84): error TS1005: ',' expected.
src/app/blog/category/[category]/page.tsx(406,91): error TS1005: ',' expected.
src/app/blog/category/[category]/page.tsx(406,93): error TS1109: Expression expected.
src/app/blog/category/[category]/page.tsx(406,98): error TS1005: ',' expected.
src/app/blog/category/[category]/page.tsx(406,104): error TS1005: ',' expected.
src/app/blog/category/[category]/page.tsx(407,9): error TS1136: Property assignment expected.
src/app/blog/category/[category]/page.tsx(407,14): error TS1005: ',' expected.
src/app/blog/category/[category]/page.tsx(407,20): error TS1109: Expression expected.
src/app/blog/category/[category]/page.tsx(407,25): error TS1005: ',' expected.
src/app/blog/category/[category]/page.tsx(407,26): error TS1137: Expression or comma expected.
src/app/blog/category/[category]/page.tsx(407,28): error TS1109: Expression expected.
src/app/blog/category/[category]/page.tsx(407,33): error TS1005: ',' expected.
src/app/blog/category/[category]/page.tsx(407,47): error TS1005: ',' expected.
src/app/blog/category/[category]/page.tsx(407,58): error TS1005: ',' expected.
src/app/blog/category/[category]/page.tsx(407,67): error TS1005: ',' expected.
src/app/blog/category/[category]/page.tsx(407,69): error TS1109: Expression expected.
src/app/blog/category/[category]/page.tsx(407,74): error TS1005: ',' expected.
src/app/blog/category/[category]/page.tsx(407,84): error TS1005: ',' expected.
src/app/blog/category/[category]/page.tsx(407,91): error TS1005: ',' expected.
src/app/blog/category/[category]/page.tsx(407,93): error TS1109: Expression expected.
src/app/blog/category/[category]/page.tsx(407,98): error TS1005: ',' expected.
src/app/blog/category/[category]/page.tsx(407,104): error TS1005: ',' expected.
src/app/blog/category/[category]/page.tsx(408,9): error TS1136: Property assignment expected.
src/app/blog/category/[category]/page.tsx(408,14): error TS1005: ',' expected.
src/app/blog/category/[category]/page.tsx(408,20): error TS1109: Expression expected.
src/app/blog/category/[category]/page.tsx(408,25): error TS1005: ',' expected.
src/app/blog/category/[category]/page.tsx(408,26): error TS1137: Expression or comma expected.
src/app/blog/category/[category]/page.tsx(408,28): error TS1109: Expression expected.
src/app/blog/category/[category]/page.tsx(408,33): error TS1005: ',' expected.
src/app/blog/category/[category]/page.tsx(408,47): error TS1005: ',' expected.
src/app/blog/category/[category]/page.tsx(408,58): error TS1005: ',' expected.
src/app/blog/category/[category]/page.tsx(408,67): error TS1005: ',' expected.
src/app/blog/category/[category]/page.tsx(408,89): error TS1005: ',' expected.
src/app/blog/category/[category]/page.tsx(408,142): error TS1005: ',' expected.
src/app/blog/category/[category]/page.tsx(408,143): error TS1128: Declaration or statement expected.
src/app/blog/category/[category]/page.tsx(409,5): error TS1128: Declaration or statement expected.
src/app/blog/category/[category]/page.tsx(409,6): error TS1128: Declaration or statement expected.
src/app/blog/category/[category]/page.tsx(410,3): error TS1128: Declaration or statement expected.
src/app/blog/category/[category]/page.tsx(414,5): error TS1136: Property assignment expected.
src/app/blog/category/[category]/page.tsx(414,19): error TS1146: Declaration expected.
src/app/blog/category/[category]/page.tsx(414,25): error TS1128: Declaration or statement expected.
src/app/blog/category/[category]/page.tsx(414,27): error TS1109: Expression expected.
src/app/blog/category/[category]/page.tsx(415,5): error TS1109: Expression expected.
src/app/blog/category/[category]/page.tsx(415,16): error TS1146: Declaration expected.
src/app/blog/category/[category]/page.tsx(415,22): error TS1128: Declaration or statement expected.
src/app/blog/category/[category]/page.tsx(415,24): error TS1109: Expression expected.
src/app/blog/category/[category]/page.tsx(415,43): error TS1128: Declaration or statement expected.
src/app/blog/category/[category]/page.tsx(417,7): error TS1136: Property assignment expected.
src/app/blog/category/[category]/page.tsx(417,12): error TS1005: ')' expected.
src/app/blog/category/[category]/page.tsx(417,18): error TS1146: Declaration expected.
src/app/blog/category/[category]/page.tsx(417,24): error TS1128: Declaration or statement expected.
src/app/blog/category/[category]/page.tsx(417,26): error TS1109: Expression expected.
src/app/blog/category/[category]/page.tsx(417,46): error TS1128: Declaration or statement expected.
src/app/blog/category/[category]/page.tsx(419,21): error TS1005: ';' expected.
src/app/blog/category/[category]/page.tsx(420,9): error TS1109: Expression expected.
src/app/blog/category/[category]/page.tsx(420,20): error TS1146: Declaration expected.
src/app/blog/category/[category]/page.tsx(420,26): error TS1128: Declaration or statement expected.
src/app/blog/category/[category]/page.tsx(420,28): error TS1109: Expression expected.
src/app/blog/category/[category]/page.tsx(420,46): error TS1128: Declaration or statement expected.
src/app/blog/category/[category]/page.tsx(422,7): error TS1109: Expression expected.
src/app/blog/category/[category]/page.tsx(422,8): error TS1128: Declaration or statement expected.
src/app/blog/category/[category]/page.tsx(423,5): error TS1128: Declaration or statement expected.
src/app/blog/category/[category]/page.tsx(423,6): error TS1128: Declaration or statement expected.
src/app/blog/category/[category]/page.tsx(423,7): error TS1128: Declaration or statement expected.
src/app/blog/category/[category]/page.tsx(423,8): error TS1128: Declaration or statement expected.
src/app/blog/category/[category]/page.tsx(424,3): error TS1128: Declaration or statement expected.
src/app/blog/category/[category]/page.tsx(428,5): error TS1136: Property assignment expected.
src/app/blog/category/[category]/page.tsx(428,19): error TS1146: Declaration expected.
src/app/blog/category/[category]/page.tsx(428,25): error TS1128: Declaration or statement expected.
src/app/blog/category/[category]/page.tsx(428,27): error TS1109: Expression expected.
src/app/blog/category/[category]/page.tsx(429,5): error TS1109: Expression expected.
src/app/blog/category/[category]/page.tsx(429,16): error TS1146: Declaration expected.
src/app/blog/category/[category]/page.tsx(429,22): error TS1128: Declaration or statement expected.
src/app/blog/category/[category]/page.tsx(429,24): error TS1109: Expression expected.
src/app/blog/category/[category]/page.tsx(429,50): error TS1128: Declaration or statement expected.
src/app/blog/category/[category]/page.tsx(431,16): error TS1005: ';' expected.
src/app/blog/category/[category]/page.tsx(432,8): error TS1005: ';' expected.
src/app/blog/category/[category]/page.tsx(433,13): error TS1005: ';' expected.
src/app/blog/category/[category]/page.tsx(434,7): error TS1109: Expression expected.
src/app/blog/category/[category]/page.tsx(434,18): error TS1146: Declaration expected.
src/app/blog/category/[category]/page.tsx(434,24): error TS1128: Declaration or statement expected.
src/app/blog/category/[category]/page.tsx(434,26): error TS1109: Expression expected.
src/app/blog/category/[category]/page.tsx(434,42): error TS1128: Declaration or statement expected.
src/app/blog/category/[category]/page.tsx(435,13): error TS1109: Expression expected.
src/app/blog/category/[category]/page.tsx(435,19): error TS1434: Unexpected keyword or identifier.
src/app/blog/category/[category]/page.tsx(435,36): error TS1128: Declaration or statement expected.
src/app/blog/category/[category]/page.tsx(436,12): error TS1109: Expression expected.
src/app/blog/category/[category]/page.tsx(437,5): error TS1109: Expression expected.
src/app/blog/category/[category]/page.tsx(437,6): error TS1128: Declaration or statement expected.
src/app/blog/category/[category]/page.tsx(439,7): error TS1109: Expression expected.
src/app/blog/category/[category]/page.tsx(439,18): error TS1146: Declaration expected.
src/app/blog/category/[category]/page.tsx(439,24): error TS1128: Declaration or statement expected.
src/app/blog/category/[category]/page.tsx(439,26): error TS1109: Expression expected.
src/app/blog/category/[category]/page.tsx(439,50): error TS1128: Declaration or statement expected.
src/app/blog/category/[category]/page.tsx(440,13): error TS1109: Expression expected.
src/app/blog/category/[category]/page.tsx(440,19): error TS1434: Unexpected keyword or identifier.
src/app/blog/category/[category]/page.tsx(440,26): error TS1434: Unexpected keyword or identifier.
src/app/blog/category/[category]/page.tsx(440,51): error TS1128: Declaration or statement expected.
src/app/blog/category/[category]/page.tsx(441,12): error TS1109: Expression expected.
src/app/blog/category/[category]/page.tsx(442,5): error TS1109: Expression expected.
src/app/blog/category/[category]/page.tsx(442,6): error TS1128: Declaration or statement expected.
src/app/blog/category/[category]/page.tsx(443,3): error TS1128: Declaration or statement expected.
src/app/blog/category/[category]/page.tsx(650,1): error TS1128: Declaration or statement expected.
src/app/blog/discover-teppanyaki/page.tsx(48,13): error TS1136: Property assignment expected.
src/app/blog/discover-teppanyaki/page.tsx(48,18): error TS1005: ')' expected.
src/app/blog/discover-teppanyaki/page.tsx(48,19): error TS1136: Property assignment expected.
src/app/blog/discover-teppanyaki/page.tsx(48,24): error TS1109: Expression expected.
src/app/blog/discover-teppanyaki/page.tsx(48,29): error TS1005: ',' expected.
src/app/blog/discover-teppanyaki/page.tsx(48,30): error TS1128: Declaration or statement expected.
src/app/blog/discover-teppanyaki/page.tsx(48,32): error TS1109: Expression expected.
src/app/blog/discover-teppanyaki/page.tsx(48,52): error TS1128: Declaration or statement expected.
src/app/blog/discover-teppanyaki/page.tsx(50,27): error TS1005: ';' expected.
src/app/blog/discover-teppanyaki/page.tsx(51,17): error TS1109: Expression expected.
src/app/blog/discover-teppanyaki/page.tsx(51,28): error TS1146: Declaration expected.
src/app/blog/discover-teppanyaki/page.tsx(51,34): error TS1128: Declaration or statement expected.
src/app/blog/discover-teppanyaki/page.tsx(51,36): error TS1109: Expression expected.
src/app/blog/discover-teppanyaki/page.tsx(51,54): error TS1128: Declaration or statement expected.
src/app/blog/discover-teppanyaki/page.tsx(53,13): error TS1109: Expression expected.
src/app/blog/discover-teppanyaki/page.tsx(53,14): error TS1128: Declaration or statement expected.
src/app/blog/discover-teppanyaki/page.tsx(54,9): error TS1128: Declaration or statement expected.
src/app/blog/discover-teppanyaki/page.tsx(54,10): error TS1128: Declaration or statement expected.
src/app/blog/discover-teppanyaki/page.tsx(54,11): error TS1128: Declaration or statement expected.
src/app/blog/discover-teppanyaki/page.tsx(55,5): error TS1128: Declaration or statement expected.
src/app/blog/discover-teppanyaki/page.tsx(56,1): error TS1128: Declaration or statement expected.
src/app/blog/discover-teppanyaki/page.tsx(60,5): error TS1136: Property assignment expected.
src/app/blog/discover-teppanyaki/page.tsx(60,19): error TS1146: Declaration expected.
src/app/blog/discover-teppanyaki/page.tsx(60,25): error TS1128: Declaration or statement expected.
src/app/blog/discover-teppanyaki/page.tsx(60,27): error TS1109: Expression expected.
src/app/blog/discover-teppanyaki/page.tsx(61,5): error TS1109: Expression expected.
src/app/blog/discover-teppanyaki/page.tsx(61,16): error TS1146: Declaration expected.
src/app/blog/discover-teppanyaki/page.tsx(61,22): error TS1128: Declaration or statement expected.
src/app/blog/discover-teppanyaki/page.tsx(61,24): error TS1109: Expression expected.
src/app/blog/discover-teppanyaki/page.tsx(61,50): error TS1128: Declaration or statement expected.
src/app/blog/discover-teppanyaki/page.tsx(62,5): error TS1109: Expression expected.
src/app/blog/discover-teppanyaki/page.tsx(62,32): error TS1128: Declaration or statement expected.
src/app/blog/discover-teppanyaki/page.tsx(63,11): error TS1136: Property assignment expected.
src/app/blog/discover-teppanyaki/page.tsx(63,16): error TS1005: ',' expected.
src/app/blog/discover-teppanyaki/page.tsx(63,22): error TS1109: Expression expected.
src/app/blog/discover-teppanyaki/page.tsx(63,27): error TS1005: ',' expected.
src/app/blog/discover-teppanyaki/page.tsx(63,28): error TS1137: Expression or comma expected.
src/app/blog/discover-teppanyaki/page.tsx(63,30): error TS1109: Expression expected.
src/app/blog/discover-teppanyaki/page.tsx(63,35): error TS1005: ',' expected.
src/app/blog/discover-teppanyaki/page.tsx(63,49): error TS1005: ',' expected.
src/app/blog/discover-teppanyaki/page.tsx(63,52): error TS1109: Expression expected.
src/app/blog/discover-teppanyaki/page.tsx(63,57): error TS1005: ',' expected.
src/app/blog/discover-teppanyaki/page.tsx(63,71): error TS1005: ',' expected.
src/app/blog/discover-teppanyaki/page.tsx(63,72): error TS1137: Expression or comma expected.
src/app/blog/discover-teppanyaki/page.tsx(63,77): error TS1109: Expression expected.
src/app/blog/discover-teppanyaki/page.tsx(63,82): error TS1005: ',' expected.
src/app/blog/discover-teppanyaki/page.tsx(63,92): error TS1005: ',' expected.
src/app/blog/discover-teppanyaki/page.tsx(63,93): error TS1137: Expression or comma expected.
src/app/blog/discover-teppanyaki/page.tsx(63,95): error TS1109: Expression expected.
src/app/blog/discover-teppanyaki/page.tsx(63,100): error TS1005: ',' expected.
src/app/blog/discover-teppanyaki/page.tsx(63,110): error TS1005: ',' expected.
src/app/blog/discover-teppanyaki/page.tsx(63,113): error TS1109: Expression expected.
src/app/blog/discover-teppanyaki/page.tsx(63,118): error TS1005: ',' expected.
src/app/blog/discover-teppanyaki/page.tsx(63,128): error TS1005: ',' expected.
src/app/blog/discover-teppanyaki/page.tsx(63,129): error TS1137: Expression or comma expected.
src/app/blog/discover-teppanyaki/page.tsx(63,131): error TS1109: Expression expected.
src/app/blog/discover-teppanyaki/page.tsx(63,136): error TS1005: ',' expected.
src/app/blog/discover-teppanyaki/page.tsx(63,142): error TS1005: ',' expected.
src/app/blog/discover-teppanyaki/page.tsx(64,11): error TS1136: Property assignment expected.
src/app/blog/discover-teppanyaki/page.tsx(64,16): error TS1005: ',' expected.
src/app/blog/discover-teppanyaki/page.tsx(64,22): error TS1109: Expression expected.
src/app/blog/discover-teppanyaki/page.tsx(64,27): error TS1005: ',' expected.
src/app/blog/discover-teppanyaki/page.tsx(64,28): error TS1137: Expression or comma expected.
src/app/blog/discover-teppanyaki/page.tsx(64,30): error TS1109: Expression expected.
src/app/blog/discover-teppanyaki/page.tsx(64,35): error TS1005: ',' expected.
src/app/blog/discover-teppanyaki/page.tsx(64,49): error TS1005: ',' expected.
src/app/blog/discover-teppanyaki/page.tsx(64,52): error TS1109: Expression expected.
src/app/blog/discover-teppanyaki/page.tsx(64,57): error TS1005: ',' expected.
src/app/blog/discover-teppanyaki/page.tsx(64,71): error TS1005: ',' expected.
src/app/blog/discover-teppanyaki/page.tsx(64,72): error TS1137: Expression or comma expected.
src/app/blog/discover-teppanyaki/page.tsx(64,77): error TS1109: Expression expected.
src/app/blog/discover-teppanyaki/page.tsx(64,82): error TS1005: ',' expected.
src/app/blog/discover-teppanyaki/page.tsx(64,92): error TS1005: ',' expected.
src/app/blog/discover-teppanyaki/page.tsx(64,93): error TS1137: Expression or comma expected.
src/app/blog/discover-teppanyaki/page.tsx(64,95): error TS1109: Expression expected.
src/app/blog/discover-teppanyaki/page.tsx(64,100): error TS1005: ',' expected.
src/app/blog/discover-teppanyaki/page.tsx(64,110): error TS1005: ',' expected.
src/app/blog/discover-teppanyaki/page.tsx(64,113): error TS1109: Expression expected.
src/app/blog/discover-teppanyaki/page.tsx(64,118): error TS1005: ',' expected.
src/app/blog/discover-teppanyaki/page.tsx(64,128): error TS1005: ',' expected.
src/app/blog/discover-teppanyaki/page.tsx(64,129): error TS1137: Expression or comma expected.
src/app/blog/discover-teppanyaki/page.tsx(64,131): error TS1109: Expression expected.
src/app/blog/discover-teppanyaki/page.tsx(64,136): error TS1005: ',' expected.
src/app/blog/discover-teppanyaki/page.tsx(64,142): error TS1005: ',' expected.
src/app/blog/discover-teppanyaki/page.tsx(65,11): error TS1136: Property assignment expected.
src/app/blog/discover-teppanyaki/page.tsx(65,16): error TS1005: ',' expected.
src/app/blog/discover-teppanyaki/page.tsx(65,22): error TS1109: Expression expected.
src/app/blog/discover-teppanyaki/page.tsx(65,27): error TS1005: ',' expected.
src/app/blog/discover-teppanyaki/page.tsx(65,28): error TS1137: Expression or comma expected.
src/app/blog/discover-teppanyaki/page.tsx(65,30): error TS1109: Expression expected.
src/app/blog/discover-teppanyaki/page.tsx(65,35): error TS1005: ',' expected.
src/app/blog/discover-teppanyaki/page.tsx(65,49): error TS1005: ',' expected.
src/app/blog/discover-teppanyaki/page.tsx(65,52): error TS1109: Expression expected.
src/app/blog/discover-teppanyaki/page.tsx(65,57): error TS1005: ',' expected.
src/app/blog/discover-teppanyaki/page.tsx(65,71): error TS1005: ',' expected.
src/app/blog/discover-teppanyaki/page.tsx(65,72): error TS1137: Expression or comma expected.
src/app/blog/discover-teppanyaki/page.tsx(65,77): error TS1109: Expression expected.
src/app/blog/discover-teppanyaki/page.tsx(65,82): error TS1005: ',' expected.
src/app/blog/discover-teppanyaki/page.tsx(65,92): error TS1005: ',' expected.
src/app/blog/discover-teppanyaki/page.tsx(65,93): error TS1137: Expression or comma expected.
src/app/blog/discover-teppanyaki/page.tsx(65,95): error TS1109: Expression expected.
src/app/blog/discover-teppanyaki/page.tsx(65,100): error TS1005: ',' expected.
src/app/blog/discover-teppanyaki/page.tsx(65,110): error TS1005: ',' expected.
src/app/blog/discover-teppanyaki/page.tsx(65,113): error TS1109: Expression expected.
src/app/blog/discover-teppanyaki/page.tsx(65,118): error TS1005: ',' expected.
src/app/blog/discover-teppanyaki/page.tsx(65,128): error TS1005: ',' expected.
src/app/blog/discover-teppanyaki/page.tsx(65,129): error TS1137: Expression or comma expected.
src/app/blog/discover-teppanyaki/page.tsx(65,131): error TS1109: Expression expected.
src/app/blog/discover-teppanyaki/page.tsx(65,136): error TS1005: ',' expected.
src/app/blog/discover-teppanyaki/page.tsx(65,142): error TS1005: ',' expected.
src/app/blog/discover-teppanyaki/page.tsx(66,11): error TS1136: Property assignment expected.
src/app/blog/discover-teppanyaki/page.tsx(66,16): error TS1005: ',' expected.
src/app/blog/discover-teppanyaki/page.tsx(66,22): error TS1109: Expression expected.
src/app/blog/discover-teppanyaki/page.tsx(66,27): error TS1005: ',' expected.
src/app/blog/discover-teppanyaki/page.tsx(66,28): error TS1137: Expression or comma expected.
src/app/blog/discover-teppanyaki/page.tsx(66,30): error TS1109: Expression expected.
src/app/blog/discover-teppanyaki/page.tsx(66,35): error TS1005: ',' expected.
src/app/blog/discover-teppanyaki/page.tsx(66,49): error TS1005: ',' expected.
src/app/blog/discover-teppanyaki/page.tsx(66,52): error TS1109: Expression expected.
src/app/blog/discover-teppanyaki/page.tsx(66,57): error TS1005: ',' expected.
src/app/blog/discover-teppanyaki/page.tsx(66,71): error TS1005: ',' expected.
src/app/blog/discover-teppanyaki/page.tsx(66,72): error TS1137: Expression or comma expected.
src/app/blog/discover-teppanyaki/page.tsx(66,77): error TS1109: Expression expected.
src/app/blog/discover-teppanyaki/page.tsx(66,82): error TS1005: ',' expected.
src/app/blog/discover-teppanyaki/page.tsx(66,92): error TS1005: ',' expected.
src/app/blog/discover-teppanyaki/page.tsx(66,93): error TS1137: Expression or comma expected.
src/app/blog/discover-teppanyaki/page.tsx(66,95): error TS1109: Expression expected.
src/app/blog/discover-teppanyaki/page.tsx(66,100): error TS1005: ',' expected.
src/app/blog/discover-teppanyaki/page.tsx(66,110): error TS1005: ',' expected.
src/app/blog/discover-teppanyaki/page.tsx(66,120): error TS1005: ',' expected.
src/app/blog/discover-teppanyaki/page.tsx(66,126): error TS1005: ',' expected.
src/app/blog/discover-teppanyaki/page.tsx(66,130): error TS1005: ',' expected.
src/app/blog/discover-teppanyaki/page.tsx(66,133): error TS1005: ',' expected.
src/app/blog/discover-teppanyaki/page.tsx(66,138): error TS1005: ',' expected.
src/app/blog/discover-teppanyaki/page.tsx(66,144): error TS1005: ',' expected.
src/app/blog/discover-teppanyaki/page.tsx(66,156): error TS1005: ',' expected.
src/app/blog/discover-teppanyaki/page.tsx(66,158): error TS1137: Expression or comma expected.
src/app/blog/discover-teppanyaki/page.tsx(68,1): error TS1109: Expression expected.
src/app/blog/discover-teppanyaki/page.tsx(118,40): error TS1109: Expression expected.
src/app/blog/discover-teppanyaki/page.tsx(118,45): error TS1005: ',' expected.
src/app/blog/discover-teppanyaki/page.tsx(118,46): error TS1127: Invalid character.
src/app/blog/discover-teppanyaki/page.tsx(118,131): error TS1381: Unexpected token. Did you mean `{'}'}` or `&rbrace;`?
src/app/blog/discover-teppanyaki/page.tsx(118,137): error TS1005: '}' expected.
src/app/blog/discover-teppanyaki/page.tsx(118,228): error TS1381: Unexpected token. Did you mean `{'}'}` or `&rbrace;`?
src/app/blog/discover-teppanyaki/page.tsx(118,234): error TS1005: '}' expected.
src/app/blog/discover-teppanyaki/page.tsx(118,325): error TS1381: Unexpected token. Did you mean `{'}'}` or `&rbrace;`?
src/app/blog/discover-teppanyaki/page.tsx(118,335): error TS1382: Unexpected token. Did you mean `{'>'}` or `&gt;`?
src/app/blog/discover-teppanyaki/page.tsx(124,35): error TS1381: Unexpected token. Did you mean `{'}'}` or `&rbrace;`?
src/app/blog/fine-dining-frisco/page.tsx(72,9): error TS1136: Property assignment expected.
src/app/blog/fine-dining-frisco/page.tsx(72,15): error TS1005: ')' expected.
src/app/blog/fine-dining-frisco/page.tsx(72,16): error TS1136: Property assignment expected.
src/app/blog/fine-dining-frisco/page.tsx(72,21): error TS1146: Declaration expected.
src/app/blog/fine-dining-frisco/page.tsx(72,28): error TS1128: Declaration or statement expected.
src/app/blog/fine-dining-frisco/page.tsx(72,30): error TS1109: Expression expected.
src/app/blog/fine-dining-frisco/page.tsx(72,54): error TS1128: Declaration or statement expected.
src/app/blog/fine-dining-frisco/page.tsx(74,19): error TS1005: ';' expected.
src/app/blog/fine-dining-frisco/page.tsx(75,13): error TS1109: Expression expected.
src/app/blog/fine-dining-frisco/page.tsx(75,26): error TS1146: Declaration expected.
src/app/blog/fine-dining-frisco/page.tsx(75,33): error TS1128: Declaration or statement expected.
src/app/blog/fine-dining-frisco/page.tsx(75,35): error TS1109: Expression expected.
src/app/blog/fine-dining-frisco/page.tsx(75,57): error TS1128: Declaration or statement expected.
src/app/blog/fine-dining-frisco/page.tsx(77,9): error TS1109: Expression expected.
src/app/blog/fine-dining-frisco/page.tsx(77,10): error TS1128: Declaration or statement expected.
src/app/blog/fine-dining-frisco/page.tsx(78,5): error TS1128: Declaration or statement expected.
src/app/blog/fine-dining-frisco/page.tsx(78,6): error TS1128: Declaration or statement expected.
src/app/blog/fine-dining-frisco/page.tsx(78,7): error TS1128: Declaration or statement expected.
src/app/blog/fine-dining-frisco/page.tsx(78,8): error TS1128: Declaration or statement expected.
src/app/blog/fine-dining-frisco/page.tsx(79,1): error TS1128: Declaration or statement expected.
src/app/blog/fine-dining-frisco/page.tsx(83,5): error TS1136: Property assignment expected.
src/app/blog/fine-dining-frisco/page.tsx(83,21): error TS1146: Declaration expected.
src/app/blog/fine-dining-frisco/page.tsx(83,28): error TS1128: Declaration or statement expected.
src/app/blog/fine-dining-frisco/page.tsx(83,30): error TS1109: Expression expected.
src/app/blog/fine-dining-frisco/page.tsx(84,5): error TS1109: Expression expected.
src/app/blog/fine-dining-frisco/page.tsx(84,18): error TS1146: Declaration expected.
src/app/blog/fine-dining-frisco/page.tsx(84,25): error TS1128: Declaration or statement expected.
src/app/blog/fine-dining-frisco/page.tsx(84,27): error TS1109: Expression expected.
src/app/blog/fine-dining-frisco/page.tsx(84,57): error TS1128: Declaration or statement expected.
src/app/blog/fine-dining-frisco/page.tsx(85,5): error TS1109: Expression expected.
src/app/blog/fine-dining-frisco/page.tsx(85,36): error TS1128: Declaration or statement expected.
src/app/blog/fine-dining-frisco/page.tsx(86,7): error TS1136: Property assignment expected.
src/app/blog/fine-dining-frisco/page.tsx(86,13): error TS1005: ',' expected.
src/app/blog/fine-dining-frisco/page.tsx(86,20): error TS1109: Expression expected.
src/app/blog/fine-dining-frisco/page.tsx(86,27): error TS1005: ',' expected.
src/app/blog/fine-dining-frisco/page.tsx(86,28): error TS1137: Expression or comma expected.
src/app/blog/fine-dining-frisco/page.tsx(86,30): error TS1109: Expression expected.
src/app/blog/fine-dining-frisco/page.tsx(86,36): error TS1005: ',' expected.
src/app/blog/fine-dining-frisco/page.tsx(86,53): error TS1005: ',' expected.
src/app/blog/fine-dining-frisco/page.tsx(86,56): error TS1109: Expression expected.
src/app/blog/fine-dining-frisco/page.tsx(86,62): error TS1005: ',' expected.
src/app/blog/fine-dining-frisco/page.tsx(86,79): error TS1005: ',' expected.
src/app/blog/fine-dining-frisco/page.tsx(86,80): error TS1137: Expression or comma expected.
src/app/blog/fine-dining-frisco/page.tsx(86,85): error TS1109: Expression expected.
src/app/blog/fine-dining-frisco/page.tsx(86,91): error TS1005: ',' expected.
src/app/blog/fine-dining-frisco/page.tsx(86,104): error TS1005: ',' expected.
src/app/blog/fine-dining-frisco/page.tsx(86,105): error TS1137: Expression or comma expected.
src/app/blog/fine-dining-frisco/page.tsx(86,107): error TS1109: Expression expected.
src/app/blog/fine-dining-frisco/page.tsx(86,113): error TS1005: ',' expected.
src/app/blog/fine-dining-frisco/page.tsx(86,126): error TS1005: ',' expected.
src/app/blog/fine-dining-frisco/page.tsx(86,129): error TS1109: Expression expected.
src/app/blog/fine-dining-frisco/page.tsx(86,135): error TS1005: ',' expected.
src/app/blog/fine-dining-frisco/page.tsx(86,148): error TS1005: ',' expected.
src/app/blog/fine-dining-frisco/page.tsx(86,149): error TS1137: Expression or comma expected.
src/app/blog/fine-dining-frisco/page.tsx(86,151): error TS1109: Expression expected.
src/app/blog/fine-dining-frisco/page.tsx(86,157): error TS1005: ',' expected.
src/app/blog/fine-dining-frisco/page.tsx(86,164): error TS1005: ',' expected.
src/app/blog/fine-dining-frisco/page.tsx(87,7): error TS1136: Property assignment expected.
src/app/blog/fine-dining-frisco/page.tsx(87,13): error TS1005: ',' expected.
src/app/blog/fine-dining-frisco/page.tsx(87,20): error TS1109: Expression expected.
src/app/blog/fine-dining-frisco/page.tsx(87,27): error TS1005: ',' expected.
src/app/blog/fine-dining-frisco/page.tsx(87,28): error TS1137: Expression or comma expected.
src/app/blog/fine-dining-frisco/page.tsx(87,30): error TS1109: Expression expected.
src/app/blog/fine-dining-frisco/page.tsx(87,36): error TS1005: ',' expected.
src/app/blog/fine-dining-frisco/page.tsx(87,53): error TS1005: ',' expected.
src/app/blog/fine-dining-frisco/page.tsx(87,56): error TS1109: Expression expected.
src/app/blog/fine-dining-frisco/page.tsx(87,62): error TS1005: ',' expected.
src/app/blog/fine-dining-frisco/page.tsx(87,79): error TS1005: ',' expected.
src/app/blog/fine-dining-frisco/page.tsx(87,80): error TS1137: Expression or comma expected.
src/app/blog/fine-dining-frisco/page.tsx(87,85): error TS1109: Expression expected.
src/app/blog/fine-dining-frisco/page.tsx(87,91): error TS1005: ',' expected.
src/app/blog/fine-dining-frisco/page.tsx(87,104): error TS1005: ',' expected.
src/app/blog/fine-dining-frisco/page.tsx(87,105): error TS1137: Expression or comma expected.
src/app/blog/fine-dining-frisco/page.tsx(87,107): error TS1109: Expression expected.
src/app/blog/fine-dining-frisco/page.tsx(87,113): error TS1005: ',' expected.
src/app/blog/fine-dining-frisco/page.tsx(87,126): error TS1005: ',' expected.
src/app/blog/fine-dining-frisco/page.tsx(87,129): error TS1109: Expression expected.
src/app/blog/fine-dining-frisco/page.tsx(87,135): error TS1005: ',' expected.
src/app/blog/fine-dining-frisco/page.tsx(87,148): error TS1005: ',' expected.
src/app/blog/fine-dining-frisco/page.tsx(87,149): error TS1137: Expression or comma expected.
src/app/blog/fine-dining-frisco/page.tsx(87,151): error TS1109: Expression expected.
src/app/blog/fine-dining-frisco/page.tsx(87,157): error TS1005: ',' expected.
src/app/blog/fine-dining-frisco/page.tsx(87,164): error TS1005: ',' expected.
src/app/blog/fine-dining-frisco/page.tsx(88,7): error TS1136: Property assignment expected.
src/app/blog/fine-dining-frisco/page.tsx(88,13): error TS1005: ',' expected.
src/app/blog/fine-dining-frisco/page.tsx(88,20): error TS1109: Expression expected.
src/app/blog/fine-dining-frisco/page.tsx(88,27): error TS1005: ',' expected.
src/app/blog/fine-dining-frisco/page.tsx(88,28): error TS1137: Expression or comma expected.
src/app/blog/fine-dining-frisco/page.tsx(88,30): error TS1109: Expression expected.
src/app/blog/fine-dining-frisco/page.tsx(88,36): error TS1005: ',' expected.
src/app/blog/fine-dining-frisco/page.tsx(88,53): error TS1005: ',' expected.
src/app/blog/fine-dining-frisco/page.tsx(88,56): error TS1109: Expression expected.
src/app/blog/fine-dining-frisco/page.tsx(88,62): error TS1005: ',' expected.
src/app/blog/fine-dining-frisco/page.tsx(88,79): error TS1005: ',' expected.
src/app/blog/fine-dining-frisco/page.tsx(88,80): error TS1137: Expression or comma expected.
src/app/blog/fine-dining-frisco/page.tsx(88,85): error TS1109: Expression expected.
src/app/blog/fine-dining-frisco/page.tsx(88,91): error TS1005: ',' expected.
src/app/blog/fine-dining-frisco/page.tsx(88,104): error TS1005: ',' expected.
src/app/blog/fine-dining-frisco/page.tsx(88,105): error TS1137: Expression or comma expected.
src/app/blog/fine-dining-frisco/page.tsx(88,107): error TS1109: Expression expected.
src/app/blog/fine-dining-frisco/page.tsx(88,113): error TS1005: ',' expected.
src/app/blog/fine-dining-frisco/page.tsx(88,131): error TS1005: ',' expected.
src/app/blog/fine-dining-frisco/page.tsx(88,134): error TS1109: Expression expected.
src/app/blog/fine-dining-frisco/page.tsx(88,140): error TS1005: ',' expected.
src/app/blog/fine-dining-frisco/page.tsx(88,153): error TS1005: ',' expected.
src/app/blog/fine-dining-frisco/page.tsx(88,154): error TS1137: Expression or comma expected.
src/app/blog/fine-dining-frisco/page.tsx(88,156): error TS1109: Expression expected.
src/app/blog/fine-dining-frisco/page.tsx(88,162): error TS1005: ',' expected.
src/app/blog/fine-dining-frisco/page.tsx(88,169): error TS1005: ',' expected.
src/app/blog/fine-dining-frisco/page.tsx(89,7): error TS1136: Property assignment expected.
src/app/blog/fine-dining-frisco/page.tsx(89,13): error TS1005: ',' expected.
src/app/blog/fine-dining-frisco/page.tsx(89,20): error TS1109: Expression expected.
src/app/blog/fine-dining-frisco/page.tsx(89,27): error TS1005: ',' expected.
src/app/blog/fine-dining-frisco/page.tsx(89,28): error TS1137: Expression or comma expected.
src/app/blog/fine-dining-frisco/page.tsx(89,30): error TS1109: Expression expected.
src/app/blog/fine-dining-frisco/page.tsx(89,36): error TS1005: ',' expected.
src/app/blog/fine-dining-frisco/page.tsx(89,53): error TS1005: ',' expected.
src/app/blog/fine-dining-frisco/page.tsx(89,56): error TS1109: Expression expected.
src/app/blog/fine-dining-frisco/page.tsx(89,62): error TS1005: ',' expected.
src/app/blog/fine-dining-frisco/page.tsx(89,79): error TS1005: ',' expected.
src/app/blog/fine-dining-frisco/page.tsx(89,80): error TS1137: Expression or comma expected.
src/app/blog/fine-dining-frisco/page.tsx(89,85): error TS1109: Expression expected.
src/app/blog/fine-dining-frisco/page.tsx(89,91): error TS1005: ',' expected.
src/app/blog/fine-dining-frisco/page.tsx(89,104): error TS1005: ',' expected.
src/app/blog/fine-dining-frisco/page.tsx(89,105): error TS1137: Expression or comma expected.
src/app/blog/fine-dining-frisco/page.tsx(89,107): error TS1109: Expression expected.
src/app/blog/fine-dining-frisco/page.tsx(89,113): error TS1005: ',' expected.
src/app/blog/fine-dining-frisco/page.tsx(89,120): error TS1005: ',' expected.
src/app/blog/fine-dining-frisco/page.tsx(89,137): error TS1005: ',' expected.
src/app/blog/fine-dining-frisco/page.tsx(89,139): error TS1005: ',' expected.
src/app/blog/fine-dining-frisco/page.tsx(89,146): error TS1005: ',' expected.
src/app/blog/fine-dining-frisco/page.tsx(89,154): error TS1005: ',' expected.
src/app/blog/fine-dining-frisco/page.tsx(89,172): error TS1005: ',' expected.
src/app/blog/fine-dining-frisco/page.tsx(89,174): error TS1137: Expression or comma expected.
src/app/blog/fine-dining-frisco/page.tsx(91,1): error TS1109: Expression expected.
src/app/blog/free-birthday-food-deals/page.tsx(230,18): error TS1109: Expression expected.
src/app/blog/free-birthday-food-deals/page.tsx(230,23): error TS1005: '}' expected.
src/app/blog/free-birthday-food-deals/page.tsx(230,31): error TS1381: Unexpected token. Did you mean `{'}'}` or `&rbrace;`?
src/app/blog/free-birthday-food-deals/page.tsx(233,17): error TS1109: Expression expected.
src/app/blog/free-birthday-food-deals/page.tsx(233,22): error TS1005: '}' expected.
src/app/blog/free-birthday-food-deals/page.tsx(233,30): error TS1381: Unexpected token. Did you mean `{'}'}` or `&rbrace;`?
src/app/blog/free-birthday-food-deals/page.tsx(238,20): error TS1109: Expression expected.
src/app/blog/free-birthday-food-deals/page.tsx(238,25): error TS1005: '}' expected.
src/app/blog/free-birthday-food-deals/page.tsx(238,33): error TS1381: Unexpected token. Did you mean `{'}'}` or `&rbrace;`?
src/app/blog/free-birthday-food-deals/page.tsx(241,17): error TS1109: Expression expected.
src/app/blog/free-birthday-food-deals/page.tsx(241,22): error TS1005: '}' expected.
src/app/blog/free-birthday-food-deals/page.tsx(241,30): error TS1381: Unexpected token. Did you mean `{'}'}` or `&rbrace;`?
src/app/blog/free-birthday-food-deals/page.tsx(242,13): error TS1109: Expression expected.
src/app/blog/free-birthday-food-deals/page.tsx(242,18): error TS1005: '}' expected.
src/app/blog/free-birthday-food-deals/page.tsx(242,26): error TS1381: Unexpected token. Did you mean `{'}'}` or `&rbrace;`?
src/app/blog/free-birthday-food-deals/page.tsx(266,36): error TS1109: Expression expected.
src/app/blog/free-birthday-food-deals/page.tsx(266,41): error TS1005: '}' expected.
src/app/blog/free-birthday-food-deals/page.tsx(266,49): error TS1381: Unexpected token. Did you mean `{'}'}` or `&rbrace;`?
src/app/blog/free-birthday-food-deals/page.tsx(272,40): error TS1109: Expression expected.
src/app/blog/free-birthday-food-deals/page.tsx(272,45): error TS1005: '}' expected.
src/app/blog/free-birthday-food-deals/page.tsx(272,53): error TS1381: Unexpected token. Did you mean `{'}'}` or `&rbrace;`?
src/app/blog/free-birthday-food-deals/page.tsx(419,152): error TS1109: Expression expected.
src/app/blog/free-birthday-food-deals/page.tsx(419,157): error TS1005: '}' expected.
src/app/blog/free-birthday-food-deals/page.tsx(419,165): error TS1381: Unexpected token. Did you mean `{'}'}` or `&rbrace;`?
src/app/blog/free-birthday-food-deals/page.tsx(422,82): error TS1109: Expression expected.
src/app/blog/free-birthday-food-deals/page.tsx(422,87): error TS1005: '}' expected.
src/app/blog/free-birthday-food-deals/page.tsx(422,95): error TS1381: Unexpected token. Did you mean `{'}'}` or `&rbrace;`?
src/app/blog/free-birthday-food-deals/page.tsx(425,17): error TS1109: Expression expected.
src/app/blog/free-birthday-food-deals/page.tsx(425,22): error TS1005: '}' expected.
src/app/blog/free-birthday-food-deals/page.tsx(425,30): error TS1381: Unexpected token. Did you mean `{'}'}` or `&rbrace;`?
src/app/blog/group-dining-venues/page.tsx(75,40): error TS1109: Expression expected.
src/app/blog/group-dining-venues/page.tsx(75,45): error TS1005: ',' expected.
src/app/blog/group-dining-venues/page.tsx(75,46): error TS1127: Invalid character.
src/app/blog/group-dining-venues/page.tsx(75,156): error TS1381: Unexpected token. Did you mean `{'}'}` or `&rbrace;`?
src/app/blog/group-dining-venues/page.tsx(75,162): error TS1005: '}' expected.
src/app/blog/group-dining-venues/page.tsx(75,267): error TS1381: Unexpected token. Did you mean `{'}'}` or `&rbrace;`?
src/app/blog/group-dining-venues/page.tsx(75,273): error TS1005: '}' expected.
src/app/blog/group-dining-venues/page.tsx(75,369): error TS1381: Unexpected token. Did you mean `{'}'}` or `&rbrace;`?
src/app/blog/group-dining-venues/page.tsx(75,375): error TS1005: '}' expected.
src/app/blog/group-dining-venues/page.tsx(75,481): error TS1381: Unexpected token. Did you mean `{'}'}` or `&rbrace;`?
src/app/blog/group-dining-venues/page.tsx(75,491): error TS1382: Unexpected token. Did you mean `{'>'}` or `&gt;`?
src/app/blog/group-dining-venues/page.tsx(81,35): error TS1381: Unexpected token. Did you mean `{'}'}` or `&rbrace;`?
src/app/blog/group-dining-venues/page.tsx(185,44): error TS1109: Expression expected.
src/app/blog/group-dining-venues/page.tsx(185,49): error TS1005: ',' expected.
src/app/blog/group-dining-venues/page.tsx(185,58): error TS1005: ',' expected.
src/app/blog/group-dining-venues/page.tsx(185,66): error TS1005: ',' expected.
src/app/blog/group-dining-venues/page.tsx(185,71): error TS1005: ',' expected.
src/app/blog/group-dining-venues/page.tsx(185,164): error TS1381: Unexpected token. Did you mean `{'}'}` or `&rbrace;`?
src/app/blog/group-dining-venues/page.tsx(186,40): error TS1005: '}' expected.
src/app/blog/group-dining-venues/page.tsx(186,176): error TS1381: Unexpected token. Did you mean `{'}'}` or `&rbrace;`?
src/app/blog/group-dining-venues/page.tsx(186,186): error TS1382: Unexpected token. Did you mean `{'>'}` or `&gt;`?
src/app/blog/group-dining-venues/page.tsx(191,39): error TS1381: Unexpected token. Did you mean `{'}'}` or `&rbrace;`?
src/app/blog/hibachi-birthday-party-ideas/page.tsx(90,88): error TS1109: Expression expected.
src/app/blog/hibachi-birthday-party-ideas/page.tsx(90,93): error TS1005: '}' expected.
src/app/blog/hibachi-birthday-party-ideas/page.tsx(90,101): error TS1381: Unexpected token. Did you mean `{'}'}` or `&rbrace;`?
src/app/blog/hibachi-birthday-party-ideas/page.tsx(93,17): error TS1109: Expression expected.
src/app/blog/hibachi-birthday-party-ideas/page.tsx(93,22): error TS1005: '}' expected.
src/app/blog/hibachi-birthday-party-ideas/page.tsx(93,30): error TS1381: Unexpected token. Did you mean `{'}'}` or `&rbrace;`?
src/app/blog/hibachi-birthday-party-ideas/page.tsx(106,30): error TS1109: Expression expected.
src/app/blog/hibachi-birthday-party-ideas/page.tsx(106,35): error TS1005: '}' expected.
src/app/blog/hibachi-birthday-party-ideas/page.tsx(106,43): error TS1381: Unexpected token. Did you mean `{'}'}` or `&rbrace;`?
src/app/blog/hibachi-birthday-party-ideas/page.tsx(154,29): error TS1109: Expression expected.
src/app/blog/hibachi-birthday-party-ideas/page.tsx(154,34): error TS1005: '}' expected.
src/app/blog/hibachi-birthday-party-ideas/page.tsx(154,42): error TS1381: Unexpected token. Did you mean `{'}'}` or `&rbrace;`?
src/app/blog/hibachi-birthday-party-ideas/page.tsx(200,24): error TS1109: Expression expected.
src/app/blog/hibachi-birthday-party-ideas/page.tsx(200,29): error TS1005: '}' expected.
src/app/blog/hibachi-birthday-party-ideas/page.tsx(200,37): error TS1381: Unexpected token. Did you mean `{'}'}` or `&rbrace;`?
src/app/blog/hibachi-birthday-party-ideas/page.tsx(203,17): error TS1109: Expression expected.
src/app/blog/hibachi-birthday-party-ideas/page.tsx(203,22): error TS1005: '}' expected.
src/app/blog/hibachi-birthday-party-ideas/page.tsx(203,30): error TS1381: Unexpected token. Did you mean `{'}'}` or `&rbrace;`?
src/app/blog/hibachi-birthday-party-ideas/page.tsx(204,13): error TS1109: Expression expected.
src/app/blog/hibachi-birthday-party-ideas/page.tsx(204,18): error TS1005: '}' expected.
src/app/blog/hibachi-birthday-party-ideas/page.tsx(204,26): error TS1381: Unexpected token. Did you mean `{'}'}` or `&rbrace;`?
src/app/blog/hibachi-birthday-party-ideas/page.tsx(207,17): error TS1109: Expression expected.
src/app/blog/hibachi-birthday-party-ideas/page.tsx(207,22): error TS1005: '}' expected.
src/app/blog/hibachi-birthday-party-ideas/page.tsx(207,30): error TS1381: Unexpected token. Did you mean `{'}'}` or `&rbrace;`?
src/app/blog/hibachi-birthday-party-ideas/page.tsx(317,22): error TS1109: Expression expected.
src/app/blog/hibachi-birthday-party-ideas/page.tsx(317,27): error TS1005: '}' expected.
src/app/blog/hibachi-birthday-party-ideas/page.tsx(317,35): error TS1381: Unexpected token. Did you mean `{'}'}` or `&rbrace;`?
src/app/blog/hibachi-birthday-party-ideas/page.tsx(320,19): error TS1109: Expression expected.
src/app/blog/hibachi-birthday-party-ideas/page.tsx(320,24): error TS1005: '}' expected.
src/app/blog/hibachi-birthday-party-ideas/page.tsx(320,32): error TS1381: Unexpected token. Did you mean `{'}'}` or `&rbrace;`?
src/app/blog/hibachi-birthday-party-ideas/page.tsx(324,30): error TS1109: Expression expected.
src/app/blog/hibachi-birthday-party-ideas/page.tsx(324,35): error TS1005: '}' expected.
src/app/blog/hibachi-birthday-party-ideas/page.tsx(324,43): error TS1381: Unexpected token. Did you mean `{'}'}` or `&rbrace;`?
src/app/blog/hibachi-birthday-party-ideas/page.tsx(327,19): error TS1109: Expression expected.
src/app/blog/hibachi-birthday-party-ideas/page.tsx(327,24): error TS1005: '}' expected.
src/app/blog/hibachi-birthday-party-ideas/page.tsx(327,32): error TS1381: Unexpected token. Did you mean `{'}'}` or `&rbrace;`?
src/app/blog/hibachi-birthday-party-ideas/page.tsx(334,29): error TS1109: Expression expected.
src/app/blog/hibachi-birthday-party-ideas/page.tsx(334,34): error TS1005: '}' expected.
src/app/blog/hibachi-birthday-party-ideas/page.tsx(334,42): error TS1381: Unexpected token. Did you mean `{'}'}` or `&rbrace;`?
src/app/blog/hibachi-birthday-party-ideas/page.tsx(337,19): error TS1109: Expression expected.
src/app/blog/hibachi-birthday-party-ideas/page.tsx(337,24): error TS1005: '}' expected.
src/app/blog/hibachi-birthday-party-ideas/page.tsx(337,32): error TS1381: Unexpected token. Did you mean `{'}'}` or `&rbrace;`?
src/app/blog/hibachi-birthday-party-ideas/page.tsx(383,48): error TS1109: Expression expected.
src/app/blog/hibachi-birthday-party-ideas/page.tsx(383,53): error TS1005: '}' expected.
src/app/blog/hibachi-birthday-party-ideas/page.tsx(383,61): error TS1381: Unexpected token. Did you mean `{'}'}` or `&rbrace;`?
src/app/blog/hibachi-birthday-party-ideas/page.tsx(387,12): error TS1109: Expression expected.
src/app/blog/hibachi-birthday-party-ideas/page.tsx(387,17): error TS1005: '}' expected.
src/app/blog/hibachi-birthday-party-ideas/page.tsx(387,25): error TS1381: Unexpected token. Did you mean `{'}'}` or `&rbrace;`?
src/app/blog/hibachi-birthday-party-ideas/page.tsx(478,28): error TS1109: Expression expected.
src/app/blog/hibachi-birthday-party-ideas/page.tsx(478,33): error TS1005: '}' expected.
src/app/blog/hibachi-birthday-party-ideas/page.tsx(478,41): error TS1381: Unexpected token. Did you mean `{'}'}` or `&rbrace;`?
src/app/blog/hibachi-birthday-party-ideas/page.tsx(490,17): error TS1109: Expression expected.
src/app/blog/hibachi-birthday-party-ideas/page.tsx(490,22): error TS1005: '}' expected.
src/app/blog/hibachi-birthday-party-ideas/page.tsx(490,30): error TS1381: Unexpected token. Did you mean `{'}'}` or `&rbrace;`?
src/app/blog/hibachi-birthday-party-ideas/page.tsx(496,54): error TS1109: Expression expected.
src/app/blog/hibachi-birthday-party-ideas/page.tsx(496,59): error TS1005: '}' expected.
src/app/blog/hibachi-birthday-party-ideas/page.tsx(496,67): error TS1381: Unexpected token. Did you mean `{'}'}` or `&rbrace;`?
src/app/blog/hibachi-birthday-party-ideas/page.tsx(502,52): error TS1109: Expression expected.
src/app/blog/hibachi-birthday-party-ideas/page.tsx(502,57): error TS1005: '}' expected.
src/app/blog/hibachi-birthday-party-ideas/page.tsx(502,65): error TS1381: Unexpected token. Did you mean `{'}'}` or `&rbrace;`?
src/app/blog/hibachi-calories-guide/page.tsx(645,396): error TS1109: Expression expected.
src/app/blog/hibachi-calories-guide/page.tsx(645,401): error TS1005: '}' expected.
src/app/blog/hibachi-calories-guide/page.tsx(645,409): error TS1381: Unexpected token. Did you mean `{'}'}` or `&rbrace;`?
src/app/blog/hibachi-calories-guide/page.tsx(648,17): error TS1109: Expression expected.
src/app/blog/hibachi-calories-guide/page.tsx(648,22): error TS1005: '}' expected.
src/app/blog/hibachi-calories-guide/page.tsx(648,30): error TS1381: Unexpected token. Did you mean `{'}'}` or `&rbrace;`?
src/app/blog/hibachi-catering-dfw/page.tsx(52,13): error TS1136: Property assignment expected.
src/app/blog/hibachi-catering-dfw/page.tsx(52,18): error TS1005: ')' expected.
src/app/blog/hibachi-catering-dfw/page.tsx(52,19): error TS1136: Property assignment expected.
src/app/blog/hibachi-catering-dfw/page.tsx(52,24): error TS1109: Expression expected.
src/app/blog/hibachi-catering-dfw/page.tsx(52,29): error TS1005: ',' expected.
src/app/blog/hibachi-catering-dfw/page.tsx(52,30): error TS1128: Declaration or statement expected.
src/app/blog/hibachi-catering-dfw/page.tsx(52,32): error TS1109: Expression expected.
src/app/blog/hibachi-catering-dfw/page.tsx(52,52): error TS1128: Declaration or statement expected.
src/app/blog/hibachi-catering-dfw/page.tsx(54,27): error TS1005: ';' expected.
src/app/blog/hibachi-catering-dfw/page.tsx(55,17): error TS1109: Expression expected.
src/app/blog/hibachi-catering-dfw/page.tsx(55,28): error TS1146: Declaration expected.
src/app/blog/hibachi-catering-dfw/page.tsx(55,34): error TS1128: Declaration or statement expected.
src/app/blog/hibachi-catering-dfw/page.tsx(55,36): error TS1109: Expression expected.
src/app/blog/hibachi-catering-dfw/page.tsx(55,54): error TS1128: Declaration or statement expected.
src/app/blog/hibachi-catering-dfw/page.tsx(57,13): error TS1109: Expression expected.
src/app/blog/hibachi-catering-dfw/page.tsx(57,14): error TS1128: Declaration or statement expected.
src/app/blog/hibachi-catering-dfw/page.tsx(58,9): error TS1128: Declaration or statement expected.
src/app/blog/hibachi-catering-dfw/page.tsx(58,10): error TS1128: Declaration or statement expected.
src/app/blog/hibachi-catering-dfw/page.tsx(58,11): error TS1128: Declaration or statement expected.
src/app/blog/hibachi-catering-dfw/page.tsx(59,5): error TS1128: Declaration or statement expected.
src/app/blog/hibachi-catering-dfw/page.tsx(60,1): error TS1128: Declaration or statement expected.
src/app/blog/hibachi-catering-dfw/page.tsx(64,5): error TS1136: Property assignment expected.
src/app/blog/hibachi-catering-dfw/page.tsx(64,19): error TS1146: Declaration expected.
src/app/blog/hibachi-catering-dfw/page.tsx(64,25): error TS1128: Declaration or statement expected.
src/app/blog/hibachi-catering-dfw/page.tsx(64,27): error TS1109: Expression expected.
src/app/blog/hibachi-catering-dfw/page.tsx(65,5): error TS1109: Expression expected.
src/app/blog/hibachi-catering-dfw/page.tsx(65,16): error TS1146: Declaration expected.
src/app/blog/hibachi-catering-dfw/page.tsx(65,22): error TS1128: Declaration or statement expected.
src/app/blog/hibachi-catering-dfw/page.tsx(65,24): error TS1109: Expression expected.
src/app/blog/hibachi-catering-dfw/page.tsx(65,50): error TS1128: Declaration or statement expected.
src/app/blog/hibachi-catering-dfw/page.tsx(66,5): error TS1109: Expression expected.
src/app/blog/hibachi-catering-dfw/page.tsx(66,32): error TS1128: Declaration or statement expected.
src/app/blog/hibachi-catering-dfw/page.tsx(67,11): error TS1136: Property assignment expected.
src/app/blog/hibachi-catering-dfw/page.tsx(67,16): error TS1005: ',' expected.
src/app/blog/hibachi-catering-dfw/page.tsx(67,22): error TS1109: Expression expected.
src/app/blog/hibachi-catering-dfw/page.tsx(67,27): error TS1005: ',' expected.
src/app/blog/hibachi-catering-dfw/page.tsx(67,28): error TS1137: Expression or comma expected.
src/app/blog/hibachi-catering-dfw/page.tsx(67,30): error TS1109: Expression expected.
src/app/blog/hibachi-catering-dfw/page.tsx(67,35): error TS1005: ',' expected.
src/app/blog/hibachi-catering-dfw/page.tsx(67,49): error TS1005: ',' expected.
src/app/blog/hibachi-catering-dfw/page.tsx(67,52): error TS1109: Expression expected.
src/app/blog/hibachi-catering-dfw/page.tsx(67,57): error TS1005: ',' expected.
src/app/blog/hibachi-catering-dfw/page.tsx(67,71): error TS1005: ',' expected.
src/app/blog/hibachi-catering-dfw/page.tsx(67,72): error TS1137: Expression or comma expected.
src/app/blog/hibachi-catering-dfw/page.tsx(67,77): error TS1109: Expression expected.
src/app/blog/hibachi-catering-dfw/page.tsx(67,82): error TS1005: ',' expected.
src/app/blog/hibachi-catering-dfw/page.tsx(67,92): error TS1005: ',' expected.
src/app/blog/hibachi-catering-dfw/page.tsx(67,93): error TS1137: Expression or comma expected.
src/app/blog/hibachi-catering-dfw/page.tsx(67,95): error TS1109: Expression expected.
src/app/blog/hibachi-catering-dfw/page.tsx(67,100): error TS1005: ',' expected.
src/app/blog/hibachi-catering-dfw/page.tsx(67,110): error TS1005: ',' expected.
src/app/blog/hibachi-catering-dfw/page.tsx(67,113): error TS1109: Expression expected.
src/app/blog/hibachi-catering-dfw/page.tsx(67,118): error TS1005: ',' expected.
src/app/blog/hibachi-catering-dfw/page.tsx(67,128): error TS1005: ',' expected.
src/app/blog/hibachi-catering-dfw/page.tsx(67,129): error TS1137: Expression or comma expected.
src/app/blog/hibachi-catering-dfw/page.tsx(67,131): error TS1109: Expression expected.
src/app/blog/hibachi-catering-dfw/page.tsx(67,136): error TS1005: ',' expected.
src/app/blog/hibachi-catering-dfw/page.tsx(67,142): error TS1005: ',' expected.
src/app/blog/hibachi-catering-dfw/page.tsx(68,11): error TS1136: Property assignment expected.
src/app/blog/hibachi-catering-dfw/page.tsx(68,16): error TS1005: ',' expected.
src/app/blog/hibachi-catering-dfw/page.tsx(68,22): error TS1109: Expression expected.
src/app/blog/hibachi-catering-dfw/page.tsx(68,27): error TS1005: ',' expected.
src/app/blog/hibachi-catering-dfw/page.tsx(68,28): error TS1137: Expression or comma expected.
src/app/blog/hibachi-catering-dfw/page.tsx(68,30): error TS1109: Expression expected.
src/app/blog/hibachi-catering-dfw/page.tsx(68,35): error TS1005: ',' expected.
src/app/blog/hibachi-catering-dfw/page.tsx(68,49): error TS1005: ',' expected.
src/app/blog/hibachi-catering-dfw/page.tsx(68,52): error TS1109: Expression expected.
src/app/blog/hibachi-catering-dfw/page.tsx(68,57): error TS1005: ',' expected.
src/app/blog/hibachi-catering-dfw/page.tsx(68,71): error TS1005: ',' expected.
src/app/blog/hibachi-catering-dfw/page.tsx(68,72): error TS1137: Expression or comma expected.
src/app/blog/hibachi-catering-dfw/page.tsx(68,77): error TS1109: Expression expected.
src/app/blog/hibachi-catering-dfw/page.tsx(68,82): error TS1005: ',' expected.
src/app/blog/hibachi-catering-dfw/page.tsx(68,92): error TS1005: ',' expected.
src/app/blog/hibachi-catering-dfw/page.tsx(68,93): error TS1137: Expression or comma expected.
src/app/blog/hibachi-catering-dfw/page.tsx(68,95): error TS1109: Expression expected.
src/app/blog/hibachi-catering-dfw/page.tsx(68,100): error TS1005: ',' expected.
src/app/blog/hibachi-catering-dfw/page.tsx(68,110): error TS1005: ',' expected.
src/app/blog/hibachi-catering-dfw/page.tsx(68,113): error TS1109: Expression expected.
src/app/blog/hibachi-catering-dfw/page.tsx(68,118): error TS1005: ',' expected.
src/app/blog/hibachi-catering-dfw/page.tsx(68,128): error TS1005: ',' expected.
src/app/blog/hibachi-catering-dfw/page.tsx(68,129): error TS1137: Expression or comma expected.
src/app/blog/hibachi-catering-dfw/page.tsx(68,131): error TS1109: Expression expected.
src/app/blog/hibachi-catering-dfw/page.tsx(68,136): error TS1005: ',' expected.
src/app/blog/hibachi-catering-dfw/page.tsx(68,142): error TS1005: ',' expected.
src/app/blog/hibachi-catering-dfw/page.tsx(69,11): error TS1136: Property assignment expected.
src/app/blog/hibachi-catering-dfw/page.tsx(69,16): error TS1005: ',' expected.
src/app/blog/hibachi-catering-dfw/page.tsx(69,22): error TS1109: Expression expected.
src/app/blog/hibachi-catering-dfw/page.tsx(69,27): error TS1005: ',' expected.
src/app/blog/hibachi-catering-dfw/page.tsx(69,28): error TS1137: Expression or comma expected.
src/app/blog/hibachi-catering-dfw/page.tsx(69,30): error TS1109: Expression expected.
src/app/blog/hibachi-catering-dfw/page.tsx(69,35): error TS1005: ',' expected.
src/app/blog/hibachi-catering-dfw/page.tsx(69,49): error TS1005: ',' expected.
src/app/blog/hibachi-catering-dfw/page.tsx(69,52): error TS1109: Expression expected.
src/app/blog/hibachi-catering-dfw/page.tsx(69,57): error TS1005: ',' expected.
src/app/blog/hibachi-catering-dfw/page.tsx(69,71): error TS1005: ',' expected.
src/app/blog/hibachi-catering-dfw/page.tsx(69,72): error TS1137: Expression or comma expected.
src/app/blog/hibachi-catering-dfw/page.tsx(69,77): error TS1109: Expression expected.
src/app/blog/hibachi-catering-dfw/page.tsx(69,82): error TS1005: ',' expected.
src/app/blog/hibachi-catering-dfw/page.tsx(69,92): error TS1005: ',' expected.
src/app/blog/hibachi-catering-dfw/page.tsx(69,93): error TS1137: Expression or comma expected.
src/app/blog/hibachi-catering-dfw/page.tsx(69,95): error TS1109: Expression expected.
src/app/blog/hibachi-catering-dfw/page.tsx(69,100): error TS1005: ',' expected.
src/app/blog/hibachi-catering-dfw/page.tsx(69,110): error TS1005: ',' expected.
src/app/blog/hibachi-catering-dfw/page.tsx(69,113): error TS1109: Expression expected.
src/app/blog/hibachi-catering-dfw/page.tsx(69,118): error TS1005: ',' expected.
src/app/blog/hibachi-catering-dfw/page.tsx(69,128): error TS1005: ',' expected.
src/app/blog/hibachi-catering-dfw/page.tsx(69,129): error TS1137: Expression or comma expected.
src/app/blog/hibachi-catering-dfw/page.tsx(69,131): error TS1109: Expression expected.
src/app/blog/hibachi-catering-dfw/page.tsx(69,136): error TS1005: ',' expected.
src/app/blog/hibachi-catering-dfw/page.tsx(69,142): error TS1005: ',' expected.
src/app/blog/hibachi-catering-dfw/page.tsx(70,11): error TS1136: Property assignment expected.
src/app/blog/hibachi-catering-dfw/page.tsx(70,16): error TS1005: ',' expected.
src/app/blog/hibachi-catering-dfw/page.tsx(70,22): error TS1109: Expression expected.
src/app/blog/hibachi-catering-dfw/page.tsx(70,27): error TS1005: ',' expected.
src/app/blog/hibachi-catering-dfw/page.tsx(70,28): error TS1137: Expression or comma expected.
src/app/blog/hibachi-catering-dfw/page.tsx(70,30): error TS1109: Expression expected.
src/app/blog/hibachi-catering-dfw/page.tsx(70,35): error TS1005: ',' expected.
src/app/blog/hibachi-catering-dfw/page.tsx(70,49): error TS1005: ',' expected.
src/app/blog/hibachi-catering-dfw/page.tsx(70,52): error TS1109: Expression expected.
src/app/blog/hibachi-catering-dfw/page.tsx(70,57): error TS1005: ',' expected.
src/app/blog/hibachi-catering-dfw/page.tsx(70,71): error TS1005: ',' expected.
src/app/blog/hibachi-catering-dfw/page.tsx(70,72): error TS1137: Expression or comma expected.
src/app/blog/hibachi-catering-dfw/page.tsx(70,77): error TS1109: Expression expected.
src/app/blog/hibachi-catering-dfw/page.tsx(70,82): error TS1005: ',' expected.
src/app/blog/hibachi-catering-dfw/page.tsx(70,92): error TS1005: ',' expected.
src/app/blog/hibachi-catering-dfw/page.tsx(70,93): error TS1137: Expression or comma expected.
src/app/blog/hibachi-catering-dfw/page.tsx(70,95): error TS1109: Expression expected.
src/app/blog/hibachi-catering-dfw/page.tsx(70,100): error TS1005: ',' expected.
src/app/blog/hibachi-catering-dfw/page.tsx(70,109): error TS1005: ',' expected.
src/app/blog/hibachi-catering-dfw/page.tsx(70,124): error TS1005: ',' expected.
src/app/blog/hibachi-catering-dfw/page.tsx(70,145): error TS1005: ',' expected.
src/app/blog/hibachi-catering-dfw/page.tsx(70,157): error TS1005: ',' expected.
src/app/blog/hibachi-catering-dfw/page.tsx(70,159): error TS1137: Expression or comma expected.
src/app/blog/hibachi-catering-dfw/page.tsx(72,1): error TS1109: Expression expected.
src/app/blog/hibachi-catering-dfw/page.tsx(112,40): error TS1109: Expression expected.
src/app/blog/hibachi-catering-dfw/page.tsx(112,45): error TS1005: ',' expected.
src/app/blog/hibachi-catering-dfw/page.tsx(112,46): error TS1127: Invalid character.
src/app/blog/hibachi-catering-dfw/page.tsx(112,150): error TS1381: Unexpected token. Did you mean `{'}'}` or `&rbrace;`?
src/app/blog/hibachi-catering-dfw/page.tsx(112,156): error TS1005: '}' expected.
src/app/blog/hibachi-catering-dfw/page.tsx(112,252): error TS1381: Unexpected token. Did you mean `{'}'}` or `&rbrace;`?
src/app/blog/hibachi-catering-dfw/page.tsx(112,258): error TS1005: '}' expected.
src/app/blog/hibachi-catering-dfw/page.tsx(112,361): error TS1381: Unexpected token. Did you mean `{'}'}` or `&rbrace;`?
src/app/blog/hibachi-catering-dfw/page.tsx(112,367): error TS1005: '}' expected.
src/app/blog/hibachi-catering-dfw/page.tsx(112,469): error TS1381: Unexpected token. Did you mean `{'}'}` or `&rbrace;`?
src/app/blog/hibachi-catering-dfw/page.tsx(112,479): error TS1382: Unexpected token. Did you mean `{'>'}` or `&gt;`?
src/app/blog/hibachi-catering-dfw/page.tsx(118,35): error TS1381: Unexpected token. Did you mean `{'}'}` or `&rbrace;`?
src/app/blog/japanese-beverages-guide/page.tsx(117,46): error TS1109: Expression expected.
src/app/blog/japanese-beverages-guide/page.tsx(117,51): error TS1005: ',' expected.
src/app/blog/japanese-beverages-guide/page.tsx(117,52): error TS1127: Invalid character.
src/app/blog/japanese-beverages-guide/page.tsx(117,216): error TS1381: Unexpected token. Did you mean `{'}'}` or `&rbrace;`?
src/app/blog/japanese-beverages-guide/page.tsx(118,44): error TS1005: '}' expected.
src/app/blog/japanese-beverages-guide/page.tsx(118,204): error TS1381: Unexpected token. Did you mean `{'}'}` or `&rbrace;`?
src/app/blog/japanese-beverages-guide/page.tsx(119,44): error TS1005: '}' expected.
src/app/blog/japanese-beverages-guide/page.tsx(119,196): error TS1381: Unexpected token. Did you mean `{'}'}` or `&rbrace;`?
src/app/blog/japanese-beverages-guide/page.tsx(120,44): error TS1005: '}' expected.
src/app/blog/japanese-beverages-guide/page.tsx(120,191): error TS1381: Unexpected token. Did you mean `{'}'}` or `&rbrace;`?
src/app/blog/japanese-beverages-guide/page.tsx(121,42): error TS1382: Unexpected token. Did you mean `{'>'}` or `&gt;`?
src/app/blog/japanese-beverages-guide/page.tsx(127,35): error TS1381: Unexpected token. Did you mean `{'}'}` or `&rbrace;`?
src/app/blog/japanese-beverages-guide/page.tsx(153,42): error TS1109: Expression expected.
src/app/blog/japanese-beverages-guide/page.tsx(153,47): error TS1005: ',' expected.
src/app/blog/japanese-beverages-guide/page.tsx(153,54): error TS1005: ',' expected.
src/app/blog/japanese-beverages-guide/page.tsx(153,58): error TS1005: ',' expected.
src/app/blog/japanese-beverages-guide/page.tsx(153,60): error TS1005: ',' expected.
src/app/blog/japanese-beverages-guide/page.tsx(153,65): error TS1005: ',' expected.
src/app/blog/japanese-beverages-guide/page.tsx(153,75): error TS1005: ',' expected.
src/app/blog/japanese-beverages-guide/page.tsx(153,84): error TS1005: ',' expected.
src/app/blog/japanese-beverages-guide/page.tsx(153,94): error TS1005: ',' expected.
src/app/blog/japanese-beverages-guide/page.tsx(153,99): error TS1005: ',' expected.
src/app/blog/japanese-beverages-guide/page.tsx(153,383): error TS1381: Unexpected token. Did you mean `{'}'}` or `&rbrace;`?
src/app/blog/japanese-beverages-guide/page.tsx(154,40): error TS1005: '}' expected.
src/app/blog/japanese-beverages-guide/page.tsx(154,302): error TS1381: Unexpected token. Did you mean `{'}'}` or `&rbrace;`?
src/app/blog/japanese-beverages-guide/page.tsx(155,40): error TS1005: '}' expected.
src/app/blog/japanese-beverages-guide/page.tsx(155,347): error TS1381: Unexpected token. Did you mean `{'}'}` or `&rbrace;`?
src/app/blog/japanese-beverages-guide/page.tsx(156,40): error TS1005: '}' expected.
src/app/blog/japanese-beverages-guide/page.tsx(156,352): error TS1381: Unexpected token. Did you mean `{'}'}` or `&rbrace;`?
src/app/blog/japanese-beverages-guide/page.tsx(157,47): error TS1382: Unexpected token. Did you mean `{'>'}` or `&gt;`?
src/app/blog/japanese-beverages-guide/page.tsx(162,35): error TS1381: Unexpected token. Did you mean `{'}'}` or `&rbrace;`?
src/app/blog/japanese-beverages-guide/page.tsx(179,46): error TS1109: Expression expected.
src/app/blog/japanese-beverages-guide/page.tsx(179,51): error TS1005: ',' expected.
src/app/blog/japanese-beverages-guide/page.tsx(179,60): error TS1005: ',' expected.
src/app/blog/japanese-beverages-guide/page.tsx(179,69): error TS1005: ',' expected.
src/app/blog/japanese-beverages-guide/page.tsx(179,76): error TS1005: ',' expected.
src/app/blog/japanese-beverages-guide/page.tsx(179,81): error TS1005: ',' expected.
src/app/blog/japanese-beverages-guide/page.tsx(179,178): error TS1381: Unexpected token. Did you mean `{'}'}` or `&rbrace;`?
src/app/blog/japanese-beverages-guide/page.tsx(180,44): error TS1005: '}' expected.
src/app/blog/japanese-beverages-guide/page.tsx(180,171): error TS1381: Unexpected token. Did you mean `{'}'}` or `&rbrace;`?
src/app/blog/japanese-beverages-guide/page.tsx(181,44): error TS1005: '}' expected.
src/app/blog/japanese-beverages-guide/page.tsx(181,164): error TS1381: Unexpected token. Did you mean `{'}'}` or `&rbrace;`?
src/app/blog/japanese-beverages-guide/page.tsx(182,46): error TS1382: Unexpected token. Did you mean `{'>'}` or `&gt;`?
src/app/blog/japanese-beverages-guide/page.tsx(187,39): error TS1381: Unexpected token. Did you mean `{'}'}` or `&rbrace;`?
src/app/blog/japanese-restaurants-lewisville/page.tsx(34,92): error TS1136: Property assignment expected.
src/app/blog/japanese-restaurants-lewisville/page.tsx(34,98): error TS1005: ')' expected.
src/app/blog/japanese-restaurants-lewisville/page.tsx(34,99): error TS1136: Property assignment expected.
src/app/blog/japanese-restaurants-lewisville/page.tsx(34,104): error TS1109: Expression expected.
src/app/blog/japanese-restaurants-lewisville/page.tsx(34,111): error TS1005: ',' expected.
src/app/blog/japanese-restaurants-lewisville/page.tsx(34,112): error TS1128: Declaration or statement expected.
src/app/blog/japanese-restaurants-lewisville/page.tsx(34,114): error TS1109: Expression expected.
src/app/blog/japanese-restaurants-lewisville/page.tsx(34,138): error TS1128: Declaration or statement expected.
src/app/blog/japanese-restaurants-lewisville/page.tsx(34,172): error TS1005: ';' expected.
src/app/blog/japanese-restaurants-lewisville/page.tsx(34,176): error TS1109: Expression expected.
src/app/blog/japanese-restaurants-lewisville/page.tsx(34,189): error TS1146: Declaration expected.
src/app/blog/japanese-restaurants-lewisville/page.tsx(34,196): error TS1128: Declaration or statement expected.
src/app/blog/japanese-restaurants-lewisville/page.tsx(34,198): error TS1109: Expression expected.
src/app/blog/japanese-restaurants-lewisville/page.tsx(34,220): error TS1128: Declaration or statement expected.
src/app/blog/japanese-restaurants-lewisville/page.tsx(34,239): error TS1128: Declaration or statement expected.
src/app/blog/japanese-restaurants-lewisville/page.tsx(34,240): error TS1128: Declaration or statement expected.
src/app/blog/japanese-restaurants-lewisville/page.tsx(34,241): error TS1128: Declaration or statement expected.
src/app/blog/japanese-restaurants-lewisville/page.tsx(35,5): error TS1128: Declaration or statement expected.
src/app/blog/japanese-restaurants-lewisville/page.tsx(36,1): error TS1128: Declaration or statement expected.
src/app/blog/japanese-restaurants-lewisville/page.tsx(40,5): error TS1136: Property assignment expected.
src/app/blog/japanese-restaurants-lewisville/page.tsx(40,21): error TS1146: Declaration expected.
src/app/blog/japanese-restaurants-lewisville/page.tsx(40,28): error TS1128: Declaration or statement expected.
src/app/blog/japanese-restaurants-lewisville/page.tsx(40,30): error TS1109: Expression expected.
src/app/blog/japanese-restaurants-lewisville/page.tsx(41,5): error TS1109: Expression expected.
src/app/blog/japanese-restaurants-lewisville/page.tsx(41,18): error TS1146: Declaration expected.
src/app/blog/japanese-restaurants-lewisville/page.tsx(41,25): error TS1128: Declaration or statement expected.
src/app/blog/japanese-restaurants-lewisville/page.tsx(41,27): error TS1109: Expression expected.
src/app/blog/japanese-restaurants-lewisville/page.tsx(41,57): error TS1128: Declaration or statement expected.
src/app/blog/japanese-restaurants-lewisville/page.tsx(42,5): error TS1109: Expression expected.
src/app/blog/japanese-restaurants-lewisville/page.tsx(42,36): error TS1128: Declaration or statement expected.
src/app/blog/japanese-restaurants-lewisville/page.tsx(43,7): error TS1136: Property assignment expected.
src/app/blog/japanese-restaurants-lewisville/page.tsx(43,13): error TS1005: ',' expected.
src/app/blog/japanese-restaurants-lewisville/page.tsx(43,20): error TS1109: Expression expected.
src/app/blog/japanese-restaurants-lewisville/page.tsx(43,27): error TS1005: ',' expected.
src/app/blog/japanese-restaurants-lewisville/page.tsx(43,28): error TS1137: Expression or comma expected.
src/app/blog/japanese-restaurants-lewisville/page.tsx(43,30): error TS1109: Expression expected.
src/app/blog/japanese-restaurants-lewisville/page.tsx(43,36): error TS1005: ',' expected.
src/app/blog/japanese-restaurants-lewisville/page.tsx(43,53): error TS1005: ',' expected.
src/app/blog/japanese-restaurants-lewisville/page.tsx(43,56): error TS1109: Expression expected.
src/app/blog/japanese-restaurants-lewisville/page.tsx(43,62): error TS1005: ',' expected.
src/app/blog/japanese-restaurants-lewisville/page.tsx(43,79): error TS1005: ',' expected.
src/app/blog/japanese-restaurants-lewisville/page.tsx(43,80): error TS1137: Expression or comma expected.
src/app/blog/japanese-restaurants-lewisville/page.tsx(43,85): error TS1109: Expression expected.
src/app/blog/japanese-restaurants-lewisville/page.tsx(43,91): error TS1005: ',' expected.
src/app/blog/japanese-restaurants-lewisville/page.tsx(43,104): error TS1005: ',' expected.
src/app/blog/japanese-restaurants-lewisville/page.tsx(43,105): error TS1137: Expression or comma expected.
src/app/blog/japanese-restaurants-lewisville/page.tsx(43,107): error TS1109: Expression expected.
src/app/blog/japanese-restaurants-lewisville/page.tsx(43,113): error TS1005: ',' expected.
src/app/blog/japanese-restaurants-lewisville/page.tsx(43,126): error TS1005: ',' expected.
src/app/blog/japanese-restaurants-lewisville/page.tsx(43,129): error TS1109: Expression expected.
src/app/blog/japanese-restaurants-lewisville/page.tsx(43,135): error TS1005: ',' expected.
src/app/blog/japanese-restaurants-lewisville/page.tsx(43,148): error TS1005: ',' expected.
src/app/blog/japanese-restaurants-lewisville/page.tsx(43,149): error TS1137: Expression or comma expected.
src/app/blog/japanese-restaurants-lewisville/page.tsx(43,151): error TS1109: Expression expected.
src/app/blog/japanese-restaurants-lewisville/page.tsx(43,157): error TS1005: ',' expected.
src/app/blog/japanese-restaurants-lewisville/page.tsx(43,164): error TS1005: ',' expected.
src/app/blog/japanese-restaurants-lewisville/page.tsx(44,7): error TS1136: Property assignment expected.
src/app/blog/japanese-restaurants-lewisville/page.tsx(44,13): error TS1005: ',' expected.
src/app/blog/japanese-restaurants-lewisville/page.tsx(44,20): error TS1109: Expression expected.
src/app/blog/japanese-restaurants-lewisville/page.tsx(44,27): error TS1005: ',' expected.
src/app/blog/japanese-restaurants-lewisville/page.tsx(44,28): error TS1137: Expression or comma expected.
src/app/blog/japanese-restaurants-lewisville/page.tsx(44,30): error TS1109: Expression expected.
src/app/blog/japanese-restaurants-lewisville/page.tsx(44,36): error TS1005: ',' expected.
src/app/blog/japanese-restaurants-lewisville/page.tsx(44,53): error TS1005: ',' expected.
src/app/blog/japanese-restaurants-lewisville/page.tsx(44,56): error TS1109: Expression expected.
src/app/blog/japanese-restaurants-lewisville/page.tsx(44,62): error TS1005: ',' expected.
src/app/blog/japanese-restaurants-lewisville/page.tsx(44,79): error TS1005: ',' expected.
src/app/blog/japanese-restaurants-lewisville/page.tsx(44,80): error TS1137: Expression or comma expected.
src/app/blog/japanese-restaurants-lewisville/page.tsx(44,85): error TS1109: Expression expected.
src/app/blog/japanese-restaurants-lewisville/page.tsx(44,91): error TS1005: ',' expected.
src/app/blog/japanese-restaurants-lewisville/page.tsx(44,104): error TS1005: ',' expected.
src/app/blog/japanese-restaurants-lewisville/page.tsx(44,105): error TS1137: Expression or comma expected.
src/app/blog/japanese-restaurants-lewisville/page.tsx(44,107): error TS1109: Expression expected.
src/app/blog/japanese-restaurants-lewisville/page.tsx(44,113): error TS1005: ',' expected.
src/app/blog/japanese-restaurants-lewisville/page.tsx(44,126): error TS1005: ',' expected.
src/app/blog/japanese-restaurants-lewisville/page.tsx(44,129): error TS1109: Expression expected.
src/app/blog/japanese-restaurants-lewisville/page.tsx(44,135): error TS1005: ',' expected.
src/app/blog/japanese-restaurants-lewisville/page.tsx(44,148): error TS1005: ',' expected.
src/app/blog/japanese-restaurants-lewisville/page.tsx(44,149): error TS1137: Expression or comma expected.
src/app/blog/japanese-restaurants-lewisville/page.tsx(44,151): error TS1109: Expression expected.
src/app/blog/japanese-restaurants-lewisville/page.tsx(44,157): error TS1005: ',' expected.
src/app/blog/japanese-restaurants-lewisville/page.tsx(44,164): error TS1005: ',' expected.
src/app/blog/japanese-restaurants-lewisville/page.tsx(45,7): error TS1136: Property assignment expected.
src/app/blog/japanese-restaurants-lewisville/page.tsx(45,13): error TS1005: ',' expected.
src/app/blog/japanese-restaurants-lewisville/page.tsx(45,20): error TS1109: Expression expected.
src/app/blog/japanese-restaurants-lewisville/page.tsx(45,27): error TS1005: ',' expected.
src/app/blog/japanese-restaurants-lewisville/page.tsx(45,28): error TS1137: Expression or comma expected.
src/app/blog/japanese-restaurants-lewisville/page.tsx(45,30): error TS1109: Expression expected.
src/app/blog/japanese-restaurants-lewisville/page.tsx(45,36): error TS1005: ',' expected.
src/app/blog/japanese-restaurants-lewisville/page.tsx(45,53): error TS1005: ',' expected.
src/app/blog/japanese-restaurants-lewisville/page.tsx(45,56): error TS1109: Expression expected.
src/app/blog/japanese-restaurants-lewisville/page.tsx(45,62): error TS1005: ',' expected.
src/app/blog/japanese-restaurants-lewisville/page.tsx(45,79): error TS1005: ',' expected.
src/app/blog/japanese-restaurants-lewisville/page.tsx(45,80): error TS1137: Expression or comma expected.
src/app/blog/japanese-restaurants-lewisville/page.tsx(45,85): error TS1109: Expression expected.
src/app/blog/japanese-restaurants-lewisville/page.tsx(45,91): error TS1005: ',' expected.
src/app/blog/japanese-restaurants-lewisville/page.tsx(45,104): error TS1005: ',' expected.
src/app/blog/japanese-restaurants-lewisville/page.tsx(45,105): error TS1137: Expression or comma expected.
src/app/blog/japanese-restaurants-lewisville/page.tsx(45,107): error TS1109: Expression expected.
src/app/blog/japanese-restaurants-lewisville/page.tsx(45,113): error TS1005: ',' expected.
src/app/blog/japanese-restaurants-lewisville/page.tsx(45,131): error TS1005: ',' expected.
src/app/blog/japanese-restaurants-lewisville/page.tsx(45,134): error TS1109: Expression expected.
src/app/blog/japanese-restaurants-lewisville/page.tsx(45,140): error TS1005: ',' expected.
src/app/blog/japanese-restaurants-lewisville/page.tsx(45,153): error TS1005: ',' expected.
src/app/blog/japanese-restaurants-lewisville/page.tsx(45,154): error TS1137: Expression or comma expected.
src/app/blog/japanese-restaurants-lewisville/page.tsx(45,156): error TS1109: Expression expected.
src/app/blog/japanese-restaurants-lewisville/page.tsx(45,162): error TS1005: ',' expected.
src/app/blog/japanese-restaurants-lewisville/page.tsx(45,169): error TS1005: ',' expected.
src/app/blog/japanese-restaurants-lewisville/page.tsx(46,7): error TS1136: Property assignment expected.
src/app/blog/japanese-restaurants-lewisville/page.tsx(46,13): error TS1005: ',' expected.
src/app/blog/japanese-restaurants-lewisville/page.tsx(46,20): error TS1109: Expression expected.
src/app/blog/japanese-restaurants-lewisville/page.tsx(46,27): error TS1005: ',' expected.
src/app/blog/japanese-restaurants-lewisville/page.tsx(46,28): error TS1137: Expression or comma expected.
src/app/blog/japanese-restaurants-lewisville/page.tsx(46,30): error TS1109: Expression expected.
src/app/blog/japanese-restaurants-lewisville/page.tsx(46,36): error TS1005: ',' expected.
src/app/blog/japanese-restaurants-lewisville/page.tsx(46,53): error TS1005: ',' expected.
src/app/blog/japanese-restaurants-lewisville/page.tsx(46,56): error TS1109: Expression expected.
src/app/blog/japanese-restaurants-lewisville/page.tsx(46,62): error TS1005: ',' expected.
src/app/blog/japanese-restaurants-lewisville/page.tsx(46,79): error TS1005: ',' expected.
src/app/blog/japanese-restaurants-lewisville/page.tsx(46,80): error TS1137: Expression or comma expected.
src/app/blog/japanese-restaurants-lewisville/page.tsx(46,85): error TS1109: Expression expected.
src/app/blog/japanese-restaurants-lewisville/page.tsx(46,91): error TS1005: ',' expected.
src/app/blog/japanese-restaurants-lewisville/page.tsx(46,104): error TS1005: ',' expected.
src/app/blog/japanese-restaurants-lewisville/page.tsx(46,105): error TS1137: Expression or comma expected.
src/app/blog/japanese-restaurants-lewisville/page.tsx(46,107): error TS1109: Expression expected.
src/app/blog/japanese-restaurants-lewisville/page.tsx(46,113): error TS1005: ',' expected.
src/app/blog/japanese-restaurants-lewisville/page.tsx(46,120): error TS1005: ',' expected.
src/app/blog/japanese-restaurants-lewisville/page.tsx(46,129): error TS1005: ',' expected.
src/app/blog/japanese-restaurants-lewisville/page.tsx(46,141): error TS1005: ',' expected.
src/app/blog/japanese-restaurants-lewisville/page.tsx(46,152): error TS1005: ',' expected.
src/app/blog/japanese-restaurants-lewisville/page.tsx(46,161): error TS1005: ',' expected.
src/app/blog/japanese-restaurants-lewisville/page.tsx(46,163): error TS1137: Expression or comma expected.
src/app/blog/japanese-restaurants-lewisville/page.tsx(48,1): error TS1109: Expression expected.
src/app/blog/japanese-restaurants-lewisville/page.tsx(97,40): error TS1109: Expression expected.
src/app/blog/japanese-restaurants-lewisville/page.tsx(97,46): error TS1005: ',' expected.
src/app/blog/japanese-restaurants-lewisville/page.tsx(97,47): error TS1127: Invalid character.
src/app/blog/japanese-restaurants-lewisville/page.tsx(97,140): error TS1381: Unexpected token. Did you mean `{'}'}` or `&rbrace;`?
src/app/blog/japanese-restaurants-lewisville/page.tsx(97,145): error TS1005: '}' expected.
src/app/blog/japanese-restaurants-lewisville/page.tsx(97,241): error TS1381: Unexpected token. Did you mean `{'}'}` or `&rbrace;`?
src/app/blog/japanese-restaurants-lewisville/page.tsx(97,246): error TS1005: '}' expected.
src/app/blog/japanese-restaurants-lewisville/page.tsx(97,346): error TS1381: Unexpected token. Did you mean `{'}'}` or `&rbrace;`?
src/app/blog/japanese-restaurants-lewisville/page.tsx(97,351): error TS1005: '}' expected.
src/app/blog/japanese-restaurants-lewisville/page.tsx(97,444): error TS1381: Unexpected token. Did you mean `{'}'}` or `&rbrace;`?
src/app/blog/japanese-restaurants-lewisville/page.tsx(97,454): error TS1382: Unexpected token. Did you mean `{'>'}` or `&gt;`?
src/app/blog/japanese-restaurants-lewisville/page.tsx(103,35): error TS1381: Unexpected token. Did you mean `{'}'}` or `&rbrace;`?
src/app/blog/japanese-restaurants-near-me/page.tsx(141,46): error TS1109: Expression expected.
src/app/blog/japanese-restaurants-near-me/page.tsx(141,52): error TS1005: ',' expected.
src/app/blog/japanese-restaurants-near-me/page.tsx(141,53): error TS1127: Invalid character.
src/app/blog/japanese-restaurants-near-me/page.tsx(141,245): error TS1005: '}' expected.
src/app/blog/japanese-restaurants-near-me/page.tsx(141,314): error TS1381: Unexpected token. Did you mean `{'}'}` or `&rbrace;`?
src/app/blog/japanese-restaurants-near-me/page.tsx(141,364): error TS1381: Unexpected token. Did you mean `{'}'}` or `&rbrace;`?
src/app/blog/japanese-restaurants-near-me/page.tsx(142,39): error TS1005: '}' expected.
src/app/blog/japanese-restaurants-near-me/page.tsx(142,204): error TS1381: Unexpected token. Did you mean `{'}'}` or `&rbrace;`?
src/app/blog/japanese-restaurants-near-me/page.tsx(143,39): error TS1005: '}' expected.
src/app/blog/japanese-restaurants-near-me/page.tsx(143,232): error TS1005: '}' expected.
src/app/blog/japanese-restaurants-near-me/page.tsx(143,325): error TS1381: Unexpected token. Did you mean `{'}'}` or `&rbrace;`?
src/app/blog/japanese-restaurants-near-me/page.tsx(143,359): error TS1381: Unexpected token. Did you mean `{'}'}` or `&rbrace;`?
src/app/blog/japanese-restaurants-near-me/page.tsx(144,39): error TS1005: '}' expected.
src/app/blog/japanese-restaurants-near-me/page.tsx(144,194): error TS1381: Unexpected token. Did you mean `{'}'}` or `&rbrace;`?
src/app/blog/japanese-restaurants-near-me/page.tsx(145,42): error TS1382: Unexpected token. Did you mean `{'>'}` or `&gt;`?
src/app/blog/japanese-restaurants-near-me/page.tsx(161,35): error TS1381: Unexpected token. Did you mean `{'}'}` or `&rbrace;`?
src/app/blog/japanese-whiskey-guide/page.tsx(145,42): error TS1109: Expression expected.
src/app/blog/japanese-whiskey-guide/page.tsx(145,47): error TS1005: ',' expected.
src/app/blog/japanese-whiskey-guide/page.tsx(145,52): error TS1005: ',' expected.
src/app/blog/japanese-whiskey-guide/page.tsx(145,57): error TS1005: ',' expected.
src/app/blog/japanese-whiskey-guide/page.tsx(145,66): error TS1005: ',' expected.
src/app/blog/japanese-whiskey-guide/page.tsx(145,74): error TS1005: ',' expected.
src/app/blog/japanese-whiskey-guide/page.tsx(145,82): error TS1005: ',' expected.
src/app/blog/japanese-whiskey-guide/page.tsx(145,85): error TS1005: ',' expected.
src/app/blog/japanese-whiskey-guide/page.tsx(145,94): error TS1005: ',' expected.
src/app/blog/japanese-whiskey-guide/page.tsx(145,101): error TS1005: ',' expected.
src/app/blog/japanese-whiskey-guide/page.tsx(145,106): error TS1005: ',' expected.
src/app/blog/japanese-whiskey-guide/page.tsx(145,337): error TS1381: Unexpected token. Did you mean `{'}'}` or `&rbrace;`?
src/app/blog/japanese-whiskey-guide/page.tsx(146,40): error TS1005: '}' expected.
src/app/blog/japanese-whiskey-guide/page.tsx(146,312): error TS1381: Unexpected token. Did you mean `{'}'}` or `&rbrace;`?
src/app/blog/japanese-whiskey-guide/page.tsx(147,40): error TS1005: '}' expected.
src/app/blog/japanese-whiskey-guide/page.tsx(147,315): error TS1381: Unexpected token. Did you mean `{'}'}` or `&rbrace;`?
src/app/blog/japanese-whiskey-guide/page.tsx(148,40): error TS1005: '}' expected.
src/app/blog/japanese-whiskey-guide/page.tsx(148,324): error TS1381: Unexpected token. Did you mean `{'}'}` or `&rbrace;`?
src/app/blog/japanese-whiskey-guide/page.tsx(149,47): error TS1382: Unexpected token. Did you mean `{'>'}` or `&gt;`?
src/app/blog/japanese-whiskey-guide/page.tsx(154,35): error TS1381: Unexpected token. Did you mean `{'}'}` or `&rbrace;`?
src/app/blog/japanese-whiskey-guide/page.tsx(170,44): error TS1109: Expression expected.
src/app/blog/japanese-whiskey-guide/page.tsx(170,49): error TS1005: ',' expected.
src/app/blog/japanese-whiskey-guide/page.tsx(170,55): error TS1005: ',' expected.
src/app/blog/japanese-whiskey-guide/page.tsx(170,64): error TS1005: ',' expected.
src/app/blog/japanese-whiskey-guide/page.tsx(170,72): error TS1005: ',' expected.
src/app/blog/japanese-whiskey-guide/page.tsx(170,78): error TS1005: ',' expected.
src/app/blog/japanese-whiskey-guide/page.tsx(170,83): error TS1005: ',' expected.
src/app/blog/japanese-whiskey-guide/page.tsx(170,174): error TS1381: Unexpected token. Did you mean `{'}'}` or `&rbrace;`?
src/app/blog/japanese-whiskey-guide/page.tsx(171,40): error TS1005: '}' expected.
src/app/blog/japanese-whiskey-guide/page.tsx(171,178): error TS1381: Unexpected token. Did you mean `{'}'}` or `&rbrace;`?
src/app/blog/japanese-whiskey-guide/page.tsx(172,40): error TS1005: '}' expected.
src/app/blog/japanese-whiskey-guide/page.tsx(172,175): error TS1381: Unexpected token. Did you mean `{'}'}` or `&rbrace;`?
src/app/blog/japanese-whiskey-guide/page.tsx(172,185): error TS1382: Unexpected token. Did you mean `{'>'}` or `&gt;`?
src/app/blog/japanese-whiskey-guide/page.tsx(177,39): error TS1381: Unexpected token. Did you mean `{'}'}` or `&rbrace;`?
src/app/blog/jinbeh-catering-services/page.tsx(94,115): error TS1109: Expression expected.
src/app/blog/jinbeh-catering-services/page.tsx(94,120): error TS1005: '}' expected.
src/app/blog/jinbeh-catering-services/page.tsx(94,128): error TS1381: Unexpected token. Did you mean `{'}'}` or `&rbrace;`?
src/app/blog/jinbeh-catering-services/page.tsx(278,51): error TS1109: Expression expected.
src/app/blog/jinbeh-catering-services/page.tsx(278,56): error TS1005: '}' expected.
src/app/blog/jinbeh-catering-services/page.tsx(278,64): error TS1381: Unexpected token. Did you mean `{'}'}` or `&rbrace;`?
src/app/blog/jinbeh-catering-services/page.tsx(281,19): error TS1109: Expression expected.
src/app/blog/jinbeh-catering-services/page.tsx(281,24): error TS1005: '}' expected.
src/app/blog/jinbeh-catering-services/page.tsx(281,32): error TS1381: Unexpected token. Did you mean `{'}'}` or `&rbrace;`?
src/app/blog/jinbeh-catering-services/page.tsx(282,23): error TS1109: Expression expected.
src/app/blog/jinbeh-catering-services/page.tsx(282,28): error TS1005: '}' expected.
src/app/blog/jinbeh-catering-services/page.tsx(282,36): error TS1381: Unexpected token. Did you mean `{'}'}` or `&rbrace;`?
src/app/blog/jinbeh-catering-services/page.tsx(285,19): error TS1109: Expression expected.
src/app/blog/jinbeh-catering-services/page.tsx(285,24): error TS1005: '}' expected.
src/app/blog/jinbeh-catering-services/page.tsx(285,32): error TS1381: Unexpected token. Did you mean `{'}'}` or `&rbrace;`?
src/app/blog/jinbeh-catering-services/page.tsx(286,28): error TS1109: Expression expected.
src/app/blog/jinbeh-catering-services/page.tsx(286,33): error TS1005: '}' expected.
src/app/blog/jinbeh-catering-services/page.tsx(286,41): error TS1381: Unexpected token. Did you mean `{'}'}` or `&rbrace;`?
src/app/blog/jinbeh-gift-cards-guide/page.tsx(90,15): error TS1109: Expression expected.
src/app/blog/jinbeh-gift-cards-guide/page.tsx(90,20): error TS1005: '}' expected.
src/app/blog/jinbeh-gift-cards-guide/page.tsx(90,28): error TS1381: Unexpected token. Did you mean `{'}'}` or `&rbrace;`?
src/app/blog/jinbeh-gift-cards-guide/page.tsx(93,17): error TS1109: Expression expected.
src/app/blog/jinbeh-gift-cards-guide/page.tsx(93,22): error TS1005: '}' expected.
src/app/blog/jinbeh-gift-cards-guide/page.tsx(93,30): error TS1381: Unexpected token. Did you mean `{'}'}` or `&rbrace;`?
src/app/blog/jinbeh-gift-cards-guide/page.tsx(170,19): error TS1109: Expression expected.
src/app/blog/jinbeh-gift-cards-guide/page.tsx(170,24): error TS1005: '}' expected.
src/app/blog/jinbeh-gift-cards-guide/page.tsx(170,32): error TS1381: Unexpected token. Did you mean `{'}'}` or `&rbrace;`?
src/app/blog/jinbeh-gift-cards-guide/page.tsx(176,23): error TS1109: Expression expected.
src/app/blog/jinbeh-gift-cards-guide/page.tsx(176,28): error TS1005: '}' expected.
src/app/blog/jinbeh-gift-cards-guide/page.tsx(176,36): error TS1381: Unexpected token. Did you mean `{'}'}` or `&rbrace;`?
src/app/blog/jinbeh-gift-cards-guide/page.tsx(214,50): error TS1109: Expression expected.
src/app/blog/jinbeh-gift-cards-guide/page.tsx(214,55): error TS1005: '}' expected.
src/app/blog/jinbeh-gift-cards-guide/page.tsx(214,63): error TS1381: Unexpected token. Did you mean `{'}'}` or `&rbrace;`?
src/app/blog/jinbeh-gift-cards-guide/page.tsx(475,23): error TS1109: Expression expected.
src/app/blog/jinbeh-gift-cards-guide/page.tsx(475,28): error TS1005: '}' expected.
src/app/blog/jinbeh-gift-cards-guide/page.tsx(475,36): error TS1381: Unexpected token. Did you mean `{'}'}` or `&rbrace;`?
src/app/blog/jinbeh-gift-cards-guide/page.tsx(481,27): error TS1109: Expression expected.
src/app/blog/jinbeh-gift-cards-guide/page.tsx(481,32): error TS1005: '}' expected.
src/app/blog/jinbeh-gift-cards-guide/page.tsx(481,40): error TS1381: Unexpected token. Did you mean `{'}'}` or `&rbrace;`?
src/app/blog/offsite-hibachi-catering/page.tsx(93,98): error TS1109: Expression expected.
src/app/blog/offsite-hibachi-catering/page.tsx(93,103): error TS1005: '}' expected.
src/app/blog/offsite-hibachi-catering/page.tsx(93,111): error TS1381: Unexpected token. Did you mean `{'}'}` or `&rbrace;`?
src/app/blog/offsite-hibachi-catering/page.tsx(399,19): error TS1109: Expression expected.
src/app/blog/offsite-hibachi-catering/page.tsx(399,24): error TS1005: '}' expected.
src/app/blog/offsite-hibachi-catering/page.tsx(399,32): error TS1381: Unexpected token. Did you mean `{'}'}` or `&rbrace;`?
src/app/blog/offsite-hibachi-catering/page.tsx(405,23): error TS1109: Expression expected.
src/app/blog/offsite-hibachi-catering/page.tsx(405,28): error TS1005: '}' expected.
src/app/blog/offsite-hibachi-catering/page.tsx(405,36): error TS1381: Unexpected token. Did you mean `{'}'}` or `&rbrace;`?
src/app/blog/offsite-hibachi-catering/page.tsx(426,42): error TS1109: Expression expected.
src/app/blog/offsite-hibachi-catering/page.tsx(426,47): error TS1005: '}' expected.
src/app/blog/offsite-hibachi-catering/page.tsx(426,55): error TS1381: Unexpected token. Did you mean `{'}'}` or `&rbrace;`?
src/app/blog/omakase-dining-guide/page.tsx(143,45): error TS1109: Expression expected.
src/app/blog/omakase-dining-guide/page.tsx(143,50): error TS1005: ',' expected.
src/app/blog/omakase-dining-guide/page.tsx(143,51): error TS1127: Invalid character.
src/app/blog/omakase-dining-guide/page.tsx(143,238): error TS1381: Unexpected token. Did you mean `{'}'}` or `&rbrace;`?
src/app/blog/omakase-dining-guide/page.tsx(144,43): error TS1005: '}' expected.
src/app/blog/omakase-dining-guide/page.tsx(144,234): error TS1381: Unexpected token. Did you mean `{'}'}` or `&rbrace;`?
src/app/blog/omakase-dining-guide/page.tsx(145,43): error TS1005: '}' expected.
src/app/blog/omakase-dining-guide/page.tsx(145,226): error TS1381: Unexpected token. Did you mean `{'}'}` or `&rbrace;`?
src/app/blog/omakase-dining-guide/page.tsx(146,43): error TS1005: '}' expected.
src/app/blog/omakase-dining-guide/page.tsx(146,232): error TS1381: Unexpected token. Did you mean `{'}'}` or `&rbrace;`?
src/app/blog/omakase-dining-guide/page.tsx(147,42): error TS1382: Unexpected token. Did you mean `{'>'}` or `&gt;`?
src/app/blog/omakase-dining-guide/page.tsx(153,35): error TS1381: Unexpected token. Did you mean `{'}'}` or `&rbrace;`?
src/app/blog/page.tsx(43,40): error TS1109: Expression expected.
src/app/blog/page.tsx(47,46): error TS1109: Expression expected.
src/app/blog/page.tsx(48,9): error TS1128: Declaration or statement expected.
src/app/blog/page.tsx(107,37): error TS1109: Expression expected.
src/app/blog/page.tsx(107,42): error TS1005: '}' expected.
src/app/blog/page.tsx(107,77): error TS1382: Unexpected token. Did you mean `{'>'}` or `&gt;`?
src/app/blog/page.tsx(154,18): error TS1381: Unexpected token. Did you mean `{'}'}` or `&rbrace;`?
src/app/blog/page.tsx(161,53): error TS1109: Expression expected.
src/app/blog/page.tsx(161,58): error TS1005: '}' expected.
src/app/blog/page.tsx(163,60): error TS1382: Unexpected token. Did you mean `{'>'}` or `&gt;`?
src/app/blog/page.tsx(163,92): error TS1381: Unexpected token. Did you mean `{'}'}` or `&rbrace;`?
src/app/blog/page.tsx(166,94): error TS1109: Expression expected.
src/app/blog/page.tsx(166,99): error TS1005: '}' expected.
src/app/blog/page.tsx(166,107): error TS1381: Unexpected token. Did you mean `{'}'}` or `&rbrace;`?
src/app/blog/page.tsx(205,110): error TS1109: Expression expected.
src/app/blog/page.tsx(205,115): error TS1005: ')' expected.
src/app/blog/page.tsx(205,136): error TS1005: '}' expected.
src/app/blog/page.tsx(205,209): error TS1381: Unexpected token. Did you mean `{'}'}` or `&rbrace;`?
src/app/blog/page.tsx(205,211): error TS1381: Unexpected token. Did you mean `{'}'}` or `&rbrace;`?
src/app/blog/popular-japanese-culture/page.tsx(33,92): error TS1136: Property assignment expected.
src/app/blog/popular-japanese-culture/page.tsx(33,97): error TS1005: ')' expected.
src/app/blog/popular-japanese-culture/page.tsx(33,98): error TS1136: Property assignment expected.
src/app/blog/popular-japanese-culture/page.tsx(33,103): error TS1109: Expression expected.
src/app/blog/popular-japanese-culture/page.tsx(33,108): error TS1005: ',' expected.
src/app/blog/popular-japanese-culture/page.tsx(33,109): error TS1128: Declaration or statement expected.
src/app/blog/popular-japanese-culture/page.tsx(33,111): error TS1109: Expression expected.
src/app/blog/popular-japanese-culture/page.tsx(33,131): error TS1128: Declaration or statement expected.
src/app/blog/popular-japanese-culture/page.tsx(33,165): error TS1005: ';' expected.
src/app/blog/popular-japanese-culture/page.tsx(33,169): error TS1109: Expression expected.
src/app/blog/popular-japanese-culture/page.tsx(33,180): error TS1146: Declaration expected.
src/app/blog/popular-japanese-culture/page.tsx(33,186): error TS1128: Declaration or statement expected.
src/app/blog/popular-japanese-culture/page.tsx(33,188): error TS1109: Expression expected.
src/app/blog/popular-japanese-culture/page.tsx(33,206): error TS1128: Declaration or statement expected.
src/app/blog/popular-japanese-culture/page.tsx(33,225): error TS1128: Declaration or statement expected.
src/app/blog/popular-japanese-culture/page.tsx(33,226): error TS1128: Declaration or statement expected.
src/app/blog/popular-japanese-culture/page.tsx(33,227): error TS1128: Declaration or statement expected.
src/app/blog/popular-japanese-culture/page.tsx(34,5): error TS1128: Declaration or statement expected.
src/app/blog/popular-japanese-culture/page.tsx(35,1): error TS1128: Declaration or statement expected.
src/app/blog/popular-japanese-culture/page.tsx(39,5): error TS1136: Property assignment expected.
src/app/blog/popular-japanese-culture/page.tsx(39,19): error TS1146: Declaration expected.
src/app/blog/popular-japanese-culture/page.tsx(39,25): error TS1128: Declaration or statement expected.
src/app/blog/popular-japanese-culture/page.tsx(39,27): error TS1109: Expression expected.
src/app/blog/popular-japanese-culture/page.tsx(40,5): error TS1109: Expression expected.
src/app/blog/popular-japanese-culture/page.tsx(40,16): error TS1146: Declaration expected.
src/app/blog/popular-japanese-culture/page.tsx(40,22): error TS1128: Declaration or statement expected.
src/app/blog/popular-japanese-culture/page.tsx(40,24): error TS1109: Expression expected.
src/app/blog/popular-japanese-culture/page.tsx(40,50): error TS1128: Declaration or statement expected.
src/app/blog/popular-japanese-culture/page.tsx(41,5): error TS1109: Expression expected.
src/app/blog/popular-japanese-culture/page.tsx(41,32): error TS1128: Declaration or statement expected.
src/app/blog/popular-japanese-culture/page.tsx(42,11): error TS1136: Property assignment expected.
src/app/blog/popular-japanese-culture/page.tsx(42,16): error TS1005: ',' expected.
src/app/blog/popular-japanese-culture/page.tsx(42,22): error TS1109: Expression expected.
src/app/blog/popular-japanese-culture/page.tsx(42,27): error TS1005: ',' expected.
src/app/blog/popular-japanese-culture/page.tsx(42,28): error TS1137: Expression or comma expected.
src/app/blog/popular-japanese-culture/page.tsx(42,30): error TS1109: Expression expected.
src/app/blog/popular-japanese-culture/page.tsx(42,35): error TS1005: ',' expected.
src/app/blog/popular-japanese-culture/page.tsx(42,49): error TS1005: ',' expected.
src/app/blog/popular-japanese-culture/page.tsx(42,52): error TS1109: Expression expected.
src/app/blog/popular-japanese-culture/page.tsx(42,57): error TS1005: ',' expected.
src/app/blog/popular-japanese-culture/page.tsx(42,71): error TS1005: ',' expected.
src/app/blog/popular-japanese-culture/page.tsx(42,72): error TS1137: Expression or comma expected.
src/app/blog/popular-japanese-culture/page.tsx(42,77): error TS1109: Expression expected.
src/app/blog/popular-japanese-culture/page.tsx(42,82): error TS1005: ',' expected.
src/app/blog/popular-japanese-culture/page.tsx(42,92): error TS1005: ',' expected.
src/app/blog/popular-japanese-culture/page.tsx(42,93): error TS1137: Expression or comma expected.
src/app/blog/popular-japanese-culture/page.tsx(42,95): error TS1109: Expression expected.
src/app/blog/popular-japanese-culture/page.tsx(42,100): error TS1005: ',' expected.
src/app/blog/popular-japanese-culture/page.tsx(42,110): error TS1005: ',' expected.
src/app/blog/popular-japanese-culture/page.tsx(42,113): error TS1109: Expression expected.
src/app/blog/popular-japanese-culture/page.tsx(42,118): error TS1005: ',' expected.
src/app/blog/popular-japanese-culture/page.tsx(42,128): error TS1005: ',' expected.
src/app/blog/popular-japanese-culture/page.tsx(42,129): error TS1137: Expression or comma expected.
src/app/blog/popular-japanese-culture/page.tsx(42,131): error TS1109: Expression expected.
src/app/blog/popular-japanese-culture/page.tsx(42,136): error TS1005: ',' expected.
src/app/blog/popular-japanese-culture/page.tsx(42,142): error TS1005: ',' expected.
src/app/blog/popular-japanese-culture/page.tsx(43,11): error TS1136: Property assignment expected.
src/app/blog/popular-japanese-culture/page.tsx(43,16): error TS1005: ',' expected.
src/app/blog/popular-japanese-culture/page.tsx(43,22): error TS1109: Expression expected.
src/app/blog/popular-japanese-culture/page.tsx(43,27): error TS1005: ',' expected.
src/app/blog/popular-japanese-culture/page.tsx(43,28): error TS1137: Expression or comma expected.
src/app/blog/popular-japanese-culture/page.tsx(43,30): error TS1109: Expression expected.
src/app/blog/popular-japanese-culture/page.tsx(43,35): error TS1005: ',' expected.
src/app/blog/popular-japanese-culture/page.tsx(43,49): error TS1005: ',' expected.
src/app/blog/popular-japanese-culture/page.tsx(43,52): error TS1109: Expression expected.
src/app/blog/popular-japanese-culture/page.tsx(43,57): error TS1005: ',' expected.
src/app/blog/popular-japanese-culture/page.tsx(43,71): error TS1005: ',' expected.
src/app/blog/popular-japanese-culture/page.tsx(43,72): error TS1137: Expression or comma expected.
src/app/blog/popular-japanese-culture/page.tsx(43,77): error TS1109: Expression expected.
src/app/blog/popular-japanese-culture/page.tsx(43,82): error TS1005: ',' expected.
src/app/blog/popular-japanese-culture/page.tsx(43,92): error TS1005: ',' expected.
src/app/blog/popular-japanese-culture/page.tsx(43,93): error TS1137: Expression or comma expected.
src/app/blog/popular-japanese-culture/page.tsx(43,95): error TS1109: Expression expected.
src/app/blog/popular-japanese-culture/page.tsx(43,100): error TS1005: ',' expected.
src/app/blog/popular-japanese-culture/page.tsx(43,110): error TS1005: ',' expected.
src/app/blog/popular-japanese-culture/page.tsx(43,113): error TS1109: Expression expected.
src/app/blog/popular-japanese-culture/page.tsx(43,118): error TS1005: ',' expected.
src/app/blog/popular-japanese-culture/page.tsx(43,128): error TS1005: ',' expected.
src/app/blog/popular-japanese-culture/page.tsx(43,129): error TS1137: Expression or comma expected.
src/app/blog/popular-japanese-culture/page.tsx(43,131): error TS1109: Expression expected.
src/app/blog/popular-japanese-culture/page.tsx(43,136): error TS1005: ',' expected.
src/app/blog/popular-japanese-culture/page.tsx(43,142): error TS1005: ',' expected.
src/app/blog/popular-japanese-culture/page.tsx(44,11): error TS1136: Property assignment expected.
src/app/blog/popular-japanese-culture/page.tsx(44,16): error TS1005: ',' expected.
src/app/blog/popular-japanese-culture/page.tsx(44,22): error TS1109: Expression expected.
src/app/blog/popular-japanese-culture/page.tsx(44,27): error TS1005: ',' expected.
src/app/blog/popular-japanese-culture/page.tsx(44,28): error TS1137: Expression or comma expected.
src/app/blog/popular-japanese-culture/page.tsx(44,30): error TS1109: Expression expected.
src/app/blog/popular-japanese-culture/page.tsx(44,35): error TS1005: ',' expected.
src/app/blog/popular-japanese-culture/page.tsx(44,49): error TS1005: ',' expected.
src/app/blog/popular-japanese-culture/page.tsx(44,52): error TS1109: Expression expected.
src/app/blog/popular-japanese-culture/page.tsx(44,57): error TS1005: ',' expected.
src/app/blog/popular-japanese-culture/page.tsx(44,71): error TS1005: ',' expected.
src/app/blog/popular-japanese-culture/page.tsx(44,72): error TS1137: Expression or comma expected.
src/app/blog/popular-japanese-culture/page.tsx(44,77): error TS1109: Expression expected.
src/app/blog/popular-japanese-culture/page.tsx(44,82): error TS1005: ',' expected.
src/app/blog/popular-japanese-culture/page.tsx(44,92): error TS1005: ',' expected.
src/app/blog/popular-japanese-culture/page.tsx(44,93): error TS1137: Expression or comma expected.
src/app/blog/popular-japanese-culture/page.tsx(44,95): error TS1109: Expression expected.
src/app/blog/popular-japanese-culture/page.tsx(44,100): error TS1005: ',' expected.
src/app/blog/popular-japanese-culture/page.tsx(44,110): error TS1005: ',' expected.
src/app/blog/popular-japanese-culture/page.tsx(44,113): error TS1109: Expression expected.
src/app/blog/popular-japanese-culture/page.tsx(44,118): error TS1005: ',' expected.
src/app/blog/popular-japanese-culture/page.tsx(44,128): error TS1005: ',' expected.
src/app/blog/popular-japanese-culture/page.tsx(44,129): error TS1137: Expression or comma expected.
src/app/blog/popular-japanese-culture/page.tsx(44,131): error TS1109: Expression expected.
src/app/blog/popular-japanese-culture/page.tsx(44,136): error TS1005: ',' expected.
src/app/blog/popular-japanese-culture/page.tsx(44,142): error TS1005: ',' expected.
src/app/blog/popular-japanese-culture/page.tsx(45,11): error TS1136: Property assignment expected.
src/app/blog/popular-japanese-culture/page.tsx(45,16): error TS1005: ',' expected.
src/app/blog/popular-japanese-culture/page.tsx(45,22): error TS1109: Expression expected.
src/app/blog/popular-japanese-culture/page.tsx(45,27): error TS1005: ',' expected.
src/app/blog/popular-japanese-culture/page.tsx(45,28): error TS1137: Expression or comma expected.
src/app/blog/popular-japanese-culture/page.tsx(45,30): error TS1109: Expression expected.
src/app/blog/popular-japanese-culture/page.tsx(45,35): error TS1005: ',' expected.
src/app/blog/popular-japanese-culture/page.tsx(45,49): error TS1005: ',' expected.
src/app/blog/popular-japanese-culture/page.tsx(45,52): error TS1109: Expression expected.
src/app/blog/popular-japanese-culture/page.tsx(45,57): error TS1005: ',' expected.
src/app/blog/popular-japanese-culture/page.tsx(45,71): error TS1005: ',' expected.
src/app/blog/popular-japanese-culture/page.tsx(45,72): error TS1137: Expression or comma expected.
src/app/blog/popular-japanese-culture/page.tsx(45,77): error TS1109: Expression expected.
src/app/blog/popular-japanese-culture/page.tsx(45,82): error TS1005: ',' expected.
src/app/blog/popular-japanese-culture/page.tsx(45,92): error TS1005: ',' expected.
src/app/blog/popular-japanese-culture/page.tsx(45,93): error TS1137: Expression or comma expected.
src/app/blog/popular-japanese-culture/page.tsx(45,95): error TS1109: Expression expected.
src/app/blog/popular-japanese-culture/page.tsx(45,100): error TS1005: ',' expected.
src/app/blog/popular-japanese-culture/page.tsx(45,109): error TS1005: ',' expected.
src/app/blog/popular-japanese-culture/page.tsx(45,118): error TS1005: ',' expected.
src/app/blog/popular-japanese-culture/page.tsx(45,125): error TS1005: ',' expected.
src/app/blog/popular-japanese-culture/page.tsx(45,157): error TS1005: ',' expected.
src/app/blog/popular-japanese-culture/page.tsx(45,159): error TS1137: Expression or comma expected.
src/app/blog/popular-japanese-culture/page.tsx(47,1): error TS1109: Expression expected.
src/app/blog/popular-japanese-culture/page.tsx(121,45): error TS1109: Expression expected.
src/app/blog/popular-japanese-culture/page.tsx(121,50): error TS1005: ',' expected.
src/app/blog/popular-japanese-culture/page.tsx(121,51): error TS1127: Invalid character.
src/app/blog/popular-japanese-culture/page.tsx(121,207): error TS1381: Unexpected token. Did you mean `{'}'}` or `&rbrace;`?
src/app/blog/popular-japanese-culture/page.tsx(122,43): error TS1005: '}' expected.
src/app/blog/popular-japanese-culture/page.tsx(122,208): error TS1381: Unexpected token. Did you mean `{'}'}` or `&rbrace;`?
src/app/blog/popular-japanese-culture/page.tsx(123,43): error TS1005: '}' expected.
src/app/blog/popular-japanese-culture/page.tsx(123,204): error TS1381: Unexpected token. Did you mean `{'}'}` or `&rbrace;`?
src/app/blog/popular-japanese-culture/page.tsx(124,43): error TS1005: '}' expected.
src/app/blog/popular-japanese-culture/page.tsx(124,191): error TS1381: Unexpected token. Did you mean `{'}'}` or `&rbrace;`?
src/app/blog/popular-japanese-culture/page.tsx(125,42): error TS1382: Unexpected token. Did you mean `{'>'}` or `&gt;`?
src/app/blog/popular-japanese-culture/page.tsx(131,35): error TS1381: Unexpected token. Did you mean `{'}'}` or `&rbrace;`?
src/app/blog/popular-japanese-culture/page.tsx(180,42): error TS1109: Expression expected.
src/app/blog/popular-japanese-culture/page.tsx(180,47): error TS1005: ',' expected.
src/app/blog/popular-japanese-culture/page.tsx(180,53): error TS1005: ',' expected.
src/app/blog/popular-japanese-culture/page.tsx(180,59): error TS1005: ',' expected.
src/app/blog/popular-japanese-culture/page.tsx(180,68): error TS1005: ',' expected.
src/app/blog/popular-japanese-culture/page.tsx(180,76): error TS1005: ',' expected.
src/app/blog/popular-japanese-culture/page.tsx(180,83): error TS1005: ',' expected.
src/app/blog/popular-japanese-culture/page.tsx(180,88): error TS1005: ',' expected.
src/app/blog/popular-japanese-culture/page.tsx(180,320): error TS1381: Unexpected token. Did you mean `{'}'}` or `&rbrace;`?
src/app/blog/popular-japanese-culture/page.tsx(181,40): error TS1005: '}' expected.
src/app/blog/popular-japanese-culture/page.tsx(181,349): error TS1381: Unexpected token. Did you mean `{'}'}` or `&rbrace;`?
src/app/blog/popular-japanese-culture/page.tsx(182,40): error TS1005: '}' expected.
src/app/blog/popular-japanese-culture/page.tsx(182,331): error TS1381: Unexpected token. Did you mean `{'}'}` or `&rbrace;`?
src/app/blog/popular-japanese-culture/page.tsx(183,40): error TS1005: '}' expected.
src/app/blog/popular-japanese-culture/page.tsx(183,300): error TS1381: Unexpected token. Did you mean `{'}'}` or `&rbrace;`?
src/app/blog/popular-japanese-culture/page.tsx(184,47): error TS1382: Unexpected token. Did you mean `{'>'}` or `&gt;`?
src/app/blog/popular-japanese-culture/page.tsx(189,35): error TS1381: Unexpected token. Did you mean `{'}'}` or `&rbrace;`?
src/app/blog/ramune-soda-guide/page.tsx(146,46): error TS1109: Expression expected.
src/app/blog/ramune-soda-guide/page.tsx(146,51): error TS1005: ',' expected.
src/app/blog/ramune-soda-guide/page.tsx(146,52): error TS1127: Invalid character.
src/app/blog/ramune-soda-guide/page.tsx(146,169): error TS1381: Unexpected token. Did you mean `{'}'}` or `&rbrace;`?
src/app/blog/ramune-soda-guide/page.tsx(147,44): error TS1005: '}' expected.
src/app/blog/ramune-soda-guide/page.tsx(147,162): error TS1381: Unexpected token. Did you mean `{'}'}` or `&rbrace;`?
src/app/blog/ramune-soda-guide/page.tsx(148,44): error TS1005: '}' expected.
src/app/blog/ramune-soda-guide/page.tsx(148,158): error TS1381: Unexpected token. Did you mean `{'}'}` or `&rbrace;`?
src/app/blog/ramune-soda-guide/page.tsx(149,44): error TS1005: '}' expected.
src/app/blog/ramune-soda-guide/page.tsx(149,143): error TS1381: Unexpected token. Did you mean `{'}'}` or `&rbrace;`?
src/app/blog/ramune-soda-guide/page.tsx(150,44): error TS1005: '}' expected.
src/app/blog/ramune-soda-guide/page.tsx(150,151): error TS1381: Unexpected token. Did you mean `{'}'}` or `&rbrace;`?
src/app/blog/ramune-soda-guide/page.tsx(151,44): error TS1005: '}' expected.
src/app/blog/ramune-soda-guide/page.tsx(151,145): error TS1381: Unexpected token. Did you mean `{'}'}` or `&rbrace;`?
src/app/blog/ramune-soda-guide/page.tsx(152,44): error TS1382: Unexpected token. Did you mean `{'>'}` or `&gt;`?
src/app/blog/ramune-soda-guide/page.tsx(162,35): error TS1381: Unexpected token. Did you mean `{'}'}` or `&rbrace;`?
src/app/blog/romantic-anniversary-dinners/page.tsx(155,48): error TS1109: Expression expected.
src/app/blog/romantic-anniversary-dinners/page.tsx(155,53): error TS1005: '}' expected.
src/app/blog/romantic-anniversary-dinners/page.tsx(155,61): error TS1381: Unexpected token. Did you mean `{'}'}` or `&rbrace;`?
src/app/blog/romantic-anniversary-dinners/page.tsx(158,17): error TS1109: Expression expected.
src/app/blog/romantic-anniversary-dinners/page.tsx(158,22): error TS1005: '}' expected.
src/app/blog/romantic-anniversary-dinners/page.tsx(158,30): error TS1381: Unexpected token. Did you mean `{'}'}` or `&rbrace;`?
src/app/blog/romantic-anniversary-dinners/page.tsx(159,13): error TS1109: Expression expected.
src/app/blog/romantic-anniversary-dinners/page.tsx(159,18): error TS1005: '}' expected.
src/app/blog/romantic-anniversary-dinners/page.tsx(159,26): error TS1381: Unexpected token. Did you mean `{'}'}` or `&rbrace;`?
src/app/blog/romantic-anniversary-dinners/page.tsx(162,17): error TS1109: Expression expected.
src/app/blog/romantic-anniversary-dinners/page.tsx(162,22): error TS1005: '}' expected.
src/app/blog/romantic-anniversary-dinners/page.tsx(162,30): error TS1381: Unexpected token. Did you mean `{'}'}` or `&rbrace;`?
src/app/blog/romantic-anniversary-dinners/page.tsx(304,54): error TS1109: Expression expected.
src/app/blog/romantic-anniversary-dinners/page.tsx(304,59): error TS1005: '}' expected.
src/app/blog/romantic-anniversary-dinners/page.tsx(304,67): error TS1381: Unexpected token. Did you mean `{'}'}` or `&rbrace;`?
src/app/blog/romantic-anniversary-dinners/page.tsx(310,52): error TS1109: Expression expected.
src/app/blog/romantic-anniversary-dinners/page.tsx(310,57): error TS1005: '}' expected.
src/app/blog/romantic-anniversary-dinners/page.tsx(310,65): error TS1381: Unexpected token. Did you mean `{'}'}` or `&rbrace;`?
src/app/blog/romantic-anniversary-dinners/page.tsx(327,29): error TS1109: Expression expected.
src/app/blog/romantic-anniversary-dinners/page.tsx(327,34): error TS1005: '}' expected.
src/app/blog/romantic-anniversary-dinners/page.tsx(327,42): error TS1381: Unexpected token. Did you mean `{'}'}` or `&rbrace;`?
src/app/blog/romantic-anniversary-dinners/page.tsx(330,17): error TS1109: Expression expected.
src/app/blog/romantic-anniversary-dinners/page.tsx(330,22): error TS1005: '}' expected.
src/app/blog/romantic-anniversary-dinners/page.tsx(330,30): error TS1381: Unexpected token. Did you mean `{'}'}` or `&rbrace;`?
src/app/blog/romantic-anniversary-dinners/page.tsx(331,47): error TS1109: Expression expected.
src/app/blog/romantic-anniversary-dinners/page.tsx(331,52): error TS1005: '}' expected.
src/app/blog/romantic-anniversary-dinners/page.tsx(331,60): error TS1381: Unexpected token. Did you mean `{'}'}` or `&rbrace;`?
src/app/blog/romantic-anniversary-dinners/page.tsx(334,17): error TS1109: Expression expected.
src/app/blog/romantic-anniversary-dinners/page.tsx(334,22): error TS1005: '}' expected.
src/app/blog/romantic-anniversary-dinners/page.tsx(334,30): error TS1381: Unexpected token. Did you mean `{'}'}` or `&rbrace;`?
src/app/blog/sake-alcohol-strength/page.tsx(32,92): error TS1136: Property assignment expected.
src/app/blog/sake-alcohol-strength/page.tsx(32,97): error TS1005: ')' expected.
src/app/blog/sake-alcohol-strength/page.tsx(32,98): error TS1136: Property assignment expected.
src/app/blog/sake-alcohol-strength/page.tsx(32,103): error TS1109: Expression expected.
src/app/blog/sake-alcohol-strength/page.tsx(32,108): error TS1005: ',' expected.
src/app/blog/sake-alcohol-strength/page.tsx(32,109): error TS1128: Declaration or statement expected.
src/app/blog/sake-alcohol-strength/page.tsx(32,111): error TS1109: Expression expected.
src/app/blog/sake-alcohol-strength/page.tsx(32,131): error TS1128: Declaration or statement expected.
src/app/blog/sake-alcohol-strength/page.tsx(32,165): error TS1005: ';' expected.
src/app/blog/sake-alcohol-strength/page.tsx(32,169): error TS1109: Expression expected.
src/app/blog/sake-alcohol-strength/page.tsx(32,180): error TS1146: Declaration expected.
src/app/blog/sake-alcohol-strength/page.tsx(32,186): error TS1128: Declaration or statement expected.
src/app/blog/sake-alcohol-strength/page.tsx(32,188): error TS1109: Expression expected.
src/app/blog/sake-alcohol-strength/page.tsx(32,206): error TS1128: Declaration or statement expected.
src/app/blog/sake-alcohol-strength/page.tsx(32,225): error TS1128: Declaration or statement expected.
src/app/blog/sake-alcohol-strength/page.tsx(32,226): error TS1128: Declaration or statement expected.
src/app/blog/sake-alcohol-strength/page.tsx(32,227): error TS1128: Declaration or statement expected.
src/app/blog/sake-alcohol-strength/page.tsx(33,5): error TS1128: Declaration or statement expected.
src/app/blog/sake-alcohol-strength/page.tsx(34,1): error TS1128: Declaration or statement expected.
src/app/blog/sake-alcohol-strength/page.tsx(38,5): error TS1136: Property assignment expected.
src/app/blog/sake-alcohol-strength/page.tsx(38,19): error TS1146: Declaration expected.
src/app/blog/sake-alcohol-strength/page.tsx(38,25): error TS1128: Declaration or statement expected.
src/app/blog/sake-alcohol-strength/page.tsx(38,27): error TS1109: Expression expected.
src/app/blog/sake-alcohol-strength/page.tsx(39,5): error TS1109: Expression expected.
src/app/blog/sake-alcohol-strength/page.tsx(39,16): error TS1146: Declaration expected.
src/app/blog/sake-alcohol-strength/page.tsx(39,22): error TS1128: Declaration or statement expected.
src/app/blog/sake-alcohol-strength/page.tsx(39,24): error TS1109: Expression expected.
src/app/blog/sake-alcohol-strength/page.tsx(39,50): error TS1128: Declaration or statement expected.
src/app/blog/sake-alcohol-strength/page.tsx(40,5): error TS1109: Expression expected.
src/app/blog/sake-alcohol-strength/page.tsx(40,32): error TS1128: Declaration or statement expected.
src/app/blog/sake-alcohol-strength/page.tsx(41,11): error TS1136: Property assignment expected.
src/app/blog/sake-alcohol-strength/page.tsx(41,16): error TS1005: ',' expected.
src/app/blog/sake-alcohol-strength/page.tsx(41,22): error TS1109: Expression expected.
src/app/blog/sake-alcohol-strength/page.tsx(41,27): error TS1005: ',' expected.
src/app/blog/sake-alcohol-strength/page.tsx(41,28): error TS1137: Expression or comma expected.
src/app/blog/sake-alcohol-strength/page.tsx(41,30): error TS1109: Expression expected.
src/app/blog/sake-alcohol-strength/page.tsx(41,35): error TS1005: ',' expected.
src/app/blog/sake-alcohol-strength/page.tsx(41,49): error TS1005: ',' expected.
src/app/blog/sake-alcohol-strength/page.tsx(41,52): error TS1109: Expression expected.
src/app/blog/sake-alcohol-strength/page.tsx(41,57): error TS1005: ',' expected.
src/app/blog/sake-alcohol-strength/page.tsx(41,71): error TS1005: ',' expected.
src/app/blog/sake-alcohol-strength/page.tsx(41,72): error TS1137: Expression or comma expected.
src/app/blog/sake-alcohol-strength/page.tsx(41,77): error TS1109: Expression expected.
src/app/blog/sake-alcohol-strength/page.tsx(41,82): error TS1005: ',' expected.
src/app/blog/sake-alcohol-strength/page.tsx(41,92): error TS1005: ',' expected.
src/app/blog/sake-alcohol-strength/page.tsx(41,93): error TS1137: Expression or comma expected.
src/app/blog/sake-alcohol-strength/page.tsx(41,95): error TS1109: Expression expected.
src/app/blog/sake-alcohol-strength/page.tsx(41,100): error TS1005: ',' expected.
src/app/blog/sake-alcohol-strength/page.tsx(41,110): error TS1005: ',' expected.
src/app/blog/sake-alcohol-strength/page.tsx(41,113): error TS1109: Expression expected.
src/app/blog/sake-alcohol-strength/page.tsx(41,118): error TS1005: ',' expected.
src/app/blog/sake-alcohol-strength/page.tsx(41,128): error TS1005: ',' expected.
src/app/blog/sake-alcohol-strength/page.tsx(41,129): error TS1137: Expression or comma expected.
src/app/blog/sake-alcohol-strength/page.tsx(41,131): error TS1109: Expression expected.
src/app/blog/sake-alcohol-strength/page.tsx(41,136): error TS1005: ',' expected.
src/app/blog/sake-alcohol-strength/page.tsx(41,142): error TS1005: ',' expected.
src/app/blog/sake-alcohol-strength/page.tsx(42,11): error TS1136: Property assignment expected.
src/app/blog/sake-alcohol-strength/page.tsx(42,16): error TS1005: ',' expected.
src/app/blog/sake-alcohol-strength/page.tsx(42,22): error TS1109: Expression expected.
src/app/blog/sake-alcohol-strength/page.tsx(42,27): error TS1005: ',' expected.
src/app/blog/sake-alcohol-strength/page.tsx(42,28): error TS1137: Expression or comma expected.
src/app/blog/sake-alcohol-strength/page.tsx(42,30): error TS1109: Expression expected.
src/app/blog/sake-alcohol-strength/page.tsx(42,35): error TS1005: ',' expected.
src/app/blog/sake-alcohol-strength/page.tsx(42,49): error TS1005: ',' expected.
src/app/blog/sake-alcohol-strength/page.tsx(42,52): error TS1109: Expression expected.
src/app/blog/sake-alcohol-strength/page.tsx(42,57): error TS1005: ',' expected.
src/app/blog/sake-alcohol-strength/page.tsx(42,71): error TS1005: ',' expected.
src/app/blog/sake-alcohol-strength/page.tsx(42,72): error TS1137: Expression or comma expected.
src/app/blog/sake-alcohol-strength/page.tsx(42,77): error TS1109: Expression expected.
src/app/blog/sake-alcohol-strength/page.tsx(42,82): error TS1005: ',' expected.
src/app/blog/sake-alcohol-strength/page.tsx(42,92): error TS1005: ',' expected.
src/app/blog/sake-alcohol-strength/page.tsx(42,93): error TS1137: Expression or comma expected.
src/app/blog/sake-alcohol-strength/page.tsx(42,95): error TS1109: Expression expected.
src/app/blog/sake-alcohol-strength/page.tsx(42,100): error TS1005: ',' expected.
src/app/blog/sake-alcohol-strength/page.tsx(42,110): error TS1005: ',' expected.
src/app/blog/sake-alcohol-strength/page.tsx(42,113): error TS1109: Expression expected.
src/app/blog/sake-alcohol-strength/page.tsx(42,118): error TS1005: ',' expected.
src/app/blog/sake-alcohol-strength/page.tsx(42,128): error TS1005: ',' expected.
src/app/blog/sake-alcohol-strength/page.tsx(42,129): error TS1137: Expression or comma expected.
src/app/blog/sake-alcohol-strength/page.tsx(42,131): error TS1109: Expression expected.
src/app/blog/sake-alcohol-strength/page.tsx(42,136): error TS1005: ',' expected.
src/app/blog/sake-alcohol-strength/page.tsx(42,142): error TS1005: ',' expected.
src/app/blog/sake-alcohol-strength/page.tsx(43,11): error TS1136: Property assignment expected.
src/app/blog/sake-alcohol-strength/page.tsx(43,16): error TS1005: ',' expected.
src/app/blog/sake-alcohol-strength/page.tsx(43,22): error TS1109: Expression expected.
src/app/blog/sake-alcohol-strength/page.tsx(43,27): error TS1005: ',' expected.
src/app/blog/sake-alcohol-strength/page.tsx(43,28): error TS1137: Expression or comma expected.
src/app/blog/sake-alcohol-strength/page.tsx(43,30): error TS1109: Expression expected.
src/app/blog/sake-alcohol-strength/page.tsx(43,35): error TS1005: ',' expected.
src/app/blog/sake-alcohol-strength/page.tsx(43,49): error TS1005: ',' expected.
src/app/blog/sake-alcohol-strength/page.tsx(43,52): error TS1109: Expression expected.
src/app/blog/sake-alcohol-strength/page.tsx(43,57): error TS1005: ',' expected.
src/app/blog/sake-alcohol-strength/page.tsx(43,71): error TS1005: ',' expected.
src/app/blog/sake-alcohol-strength/page.tsx(43,72): error TS1137: Expression or comma expected.
src/app/blog/sake-alcohol-strength/page.tsx(43,77): error TS1109: Expression expected.
src/app/blog/sake-alcohol-strength/page.tsx(43,82): error TS1005: ',' expected.
src/app/blog/sake-alcohol-strength/page.tsx(43,92): error TS1005: ',' expected.
src/app/blog/sake-alcohol-strength/page.tsx(43,93): error TS1137: Expression or comma expected.
src/app/blog/sake-alcohol-strength/page.tsx(43,95): error TS1109: Expression expected.
src/app/blog/sake-alcohol-strength/page.tsx(43,100): error TS1005: ',' expected.
src/app/blog/sake-alcohol-strength/page.tsx(43,121): error TS1005: ',' expected.
src/app/blog/sake-alcohol-strength/page.tsx(43,124): error TS1109: Expression expected.
src/app/blog/sake-alcohol-strength/page.tsx(43,129): error TS1005: ',' expected.
src/app/blog/sake-alcohol-strength/page.tsx(43,139): error TS1005: ',' expected.
src/app/blog/sake-alcohol-strength/page.tsx(43,140): error TS1137: Expression or comma expected.
src/app/blog/sake-alcohol-strength/page.tsx(43,142): error TS1109: Expression expected.
src/app/blog/sake-alcohol-strength/page.tsx(43,147): error TS1005: ',' expected.
src/app/blog/sake-alcohol-strength/page.tsx(43,153): error TS1005: ',' expected.
src/app/blog/sake-alcohol-strength/page.tsx(44,11): error TS1136: Property assignment expected.
src/app/blog/sake-alcohol-strength/page.tsx(44,16): error TS1005: ',' expected.
src/app/blog/sake-alcohol-strength/page.tsx(44,22): error TS1109: Expression expected.
src/app/blog/sake-alcohol-strength/page.tsx(44,27): error TS1005: ',' expected.
src/app/blog/sake-alcohol-strength/page.tsx(44,28): error TS1137: Expression or comma expected.
src/app/blog/sake-alcohol-strength/page.tsx(44,30): error TS1109: Expression expected.
src/app/blog/sake-alcohol-strength/page.tsx(44,35): error TS1005: ',' expected.
src/app/blog/sake-alcohol-strength/page.tsx(44,49): error TS1005: ',' expected.
src/app/blog/sake-alcohol-strength/page.tsx(44,52): error TS1109: Expression expected.
src/app/blog/sake-alcohol-strength/page.tsx(44,57): error TS1005: ',' expected.
src/app/blog/sake-alcohol-strength/page.tsx(44,71): error TS1005: ',' expected.
src/app/blog/sake-alcohol-strength/page.tsx(44,72): error TS1137: Expression or comma expected.
src/app/blog/sake-alcohol-strength/page.tsx(44,77): error TS1109: Expression expected.
src/app/blog/sake-alcohol-strength/page.tsx(44,82): error TS1005: ',' expected.
src/app/blog/sake-alcohol-strength/page.tsx(44,92): error TS1005: ',' expected.
src/app/blog/sake-alcohol-strength/page.tsx(44,93): error TS1137: Expression or comma expected.
src/app/blog/sake-alcohol-strength/page.tsx(44,95): error TS1109: Expression expected.
src/app/blog/sake-alcohol-strength/page.tsx(44,100): error TS1005: ',' expected.
src/app/blog/sake-alcohol-strength/page.tsx(44,106): error TS1005: ',' expected.
src/app/blog/sake-alcohol-strength/page.tsx(44,114): error TS1005: ',' expected.
src/app/blog/sake-alcohol-strength/page.tsx(44,133): error TS1005: ',' expected.
src/app/blog/sake-alcohol-strength/page.tsx(44,138): error TS1005: ',' expected.
src/app/blog/sake-alcohol-strength/page.tsx(44,145): error TS1005: ',' expected.
src/app/blog/sake-alcohol-strength/page.tsx(44,148): error TS1005: ',' expected.
src/app/blog/sake-alcohol-strength/page.tsx(44,157): error TS1005: ',' expected.
src/app/blog/sake-alcohol-strength/page.tsx(44,159): error TS1137: Expression or comma expected.
src/app/blog/sake-alcohol-strength/page.tsx(46,1): error TS1109: Expression expected.
src/app/blog/sake-alcohol-strength/page.tsx(72,40): error TS1109: Expression expected.
src/app/blog/sake-alcohol-strength/page.tsx(72,45): error TS1005: ',' expected.
src/app/blog/sake-alcohol-strength/page.tsx(72,46): error TS1127: Invalid character.
src/app/blog/sake-alcohol-strength/page.tsx(72,119): error TS1381: Unexpected token. Did you mean `{'}'}` or `&rbrace;`?
src/app/blog/sake-alcohol-strength/page.tsx(72,125): error TS1005: '}' expected.
src/app/blog/sake-alcohol-strength/page.tsx(72,206): error TS1381: Unexpected token. Did you mean `{'}'}` or `&rbrace;`?
src/app/blog/sake-alcohol-strength/page.tsx(72,212): error TS1005: '}' expected.
src/app/blog/sake-alcohol-strength/page.tsx(72,296): error TS1381: Unexpected token. Did you mean `{'}'}` or `&rbrace;`?
src/app/blog/sake-alcohol-strength/page.tsx(72,302): error TS1005: '}' expected.
src/app/blog/sake-alcohol-strength/page.tsx(72,385): error TS1381: Unexpected token. Did you mean `{'}'}` or `&rbrace;`?
src/app/blog/sake-alcohol-strength/page.tsx(72,395): error TS1382: Unexpected token. Did you mean `{'>'}` or `&gt;`?
src/app/blog/sake-alcohol-strength/page.tsx(78,35): error TS1381: Unexpected token. Did you mean `{'}'}` or `&rbrace;`?
src/app/blog/sake-alcohol-strength/page.tsx(116,42): error TS1109: Expression expected.
src/app/blog/sake-alcohol-strength/page.tsx(116,47): error TS1005: ',' expected.
src/app/blog/sake-alcohol-strength/page.tsx(116,52): error TS1005: ',' expected.
src/app/blog/sake-alcohol-strength/page.tsx(116,59): error TS1005: ',' expected.
src/app/blog/sake-alcohol-strength/page.tsx(116,62): error TS1005: ',' expected.
src/app/blog/sake-alcohol-strength/page.tsx(116,67): error TS1005: ',' expected.
src/app/blog/sake-alcohol-strength/page.tsx(116,76): error TS1005: ',' expected.
src/app/blog/sake-alcohol-strength/page.tsx(116,79): error TS1005: ',' expected.
src/app/blog/sake-alcohol-strength/page.tsx(116,84): error TS1005: ',' expected.
src/app/blog/sake-alcohol-strength/page.tsx(116,89): error TS1005: ',' expected.
src/app/blog/sake-alcohol-strength/page.tsx(116,330): error TS1381: Unexpected token. Did you mean `{'}'}` or `&rbrace;`?
src/app/blog/sake-alcohol-strength/page.tsx(117,40): error TS1005: '}' expected.
src/app/blog/sake-alcohol-strength/page.tsx(117,333): error TS1381: Unexpected token. Did you mean `{'}'}` or `&rbrace;`?
src/app/blog/sake-alcohol-strength/page.tsx(118,40): error TS1005: '}' expected.
src/app/blog/sake-alcohol-strength/page.tsx(118,298): error TS1127: Invalid character.
src/app/blog/sake-alcohol-strength/page.tsx(118,374): error TS1382: Unexpected token. Did you mean `{'>'}` or `&gt;`?
src/app/blog/sake-alcohol-strength/page.tsx(118,387): error TS17002: Expected corresponding JSX closing tag for 'div'.
src/app/blog/sake-alcohol-strength/page.tsx(118,445): error TS1381: Unexpected token. Did you mean `{'}'}` or `&rbrace;`?
src/app/blog/sake-alcohol-strength/page.tsx(119,40): error TS1005: '}' expected.
src/app/blog/sake-alcohol-strength/page.tsx(119,346): error TS1381: Unexpected token. Did you mean `{'}'}` or `&rbrace;`?
src/app/blog/sake-alcohol-strength/page.tsx(120,40): error TS1005: '}' expected.
src/app/blog/sake-alcohol-strength/page.tsx(120,165): error TS1127: Invalid character.
src/app/blog/sake-alcohol-strength/page.tsx(120,247): error TS1382: Unexpected token. Did you mean `{'>'}` or `&gt;`?
src/app/blog/sake-alcohol-strength/page.tsx(120,264): error TS17002: Expected corresponding JSX closing tag for 'article'.
src/app/blog/sake-alcohol-strength/page.tsx(120,464): error TS1381: Unexpected token. Did you mean `{'}'}` or `&rbrace;`?
src/app/blog/sake-alcohol-strength/page.tsx(121,47): error TS1382: Unexpected token. Did you mean `{'>'}` or `&gt;`?
src/app/blog/sake-alcohol-strength/page.tsx(126,35): error TS1381: Unexpected token. Did you mean `{'}'}` or `&rbrace;`?
src/app/blog/sake-alcohol-strength/page.tsx(136,27): error TS17002: Expected corresponding JSX closing tag for 'div'.
src/app/blog/sake-alcohol-strength/page.tsx(141,23): error TS17002: Expected corresponding JSX closing tag for 'section'.
src/app/blog/sake-alcohol-strength/page.tsx(142,19): error TS17002: Expected corresponding JSX closing tag for 'main'.
src/app/blog/sake-alcohol-strength/page.tsx(143,13): error TS1005: ')' expected.
src/app/blog/sake-alcohol-strength/page.tsx(144,9): error TS1109: Expression expected.
src/app/blog/sake-alcohol-strength/page.tsx(145,5): error TS1109: Expression expected.
src/app/blog/sake-pairing-guide/page.tsx(80,9): error TS1136: Property assignment expected.
src/app/blog/sake-pairing-guide/page.tsx(80,15): error TS1005: ')' expected.
src/app/blog/sake-pairing-guide/page.tsx(80,16): error TS1136: Property assignment expected.
src/app/blog/sake-pairing-guide/page.tsx(80,21): error TS1146: Declaration expected.
src/app/blog/sake-pairing-guide/page.tsx(80,28): error TS1128: Declaration or statement expected.
src/app/blog/sake-pairing-guide/page.tsx(80,30): error TS1109: Expression expected.
src/app/blog/sake-pairing-guide/page.tsx(80,54): error TS1128: Declaration or statement expected.
src/app/blog/sake-pairing-guide/page.tsx(82,19): error TS1005: ';' expected.
src/app/blog/sake-pairing-guide/page.tsx(83,13): error TS1109: Expression expected.
src/app/blog/sake-pairing-guide/page.tsx(83,26): error TS1146: Declaration expected.
src/app/blog/sake-pairing-guide/page.tsx(83,33): error TS1128: Declaration or statement expected.
src/app/blog/sake-pairing-guide/page.tsx(83,35): error TS1109: Expression expected.
src/app/blog/sake-pairing-guide/page.tsx(83,57): error TS1128: Declaration or statement expected.
src/app/blog/sake-pairing-guide/page.tsx(85,9): error TS1109: Expression expected.
src/app/blog/sake-pairing-guide/page.tsx(85,10): error TS1128: Declaration or statement expected.
src/app/blog/sake-pairing-guide/page.tsx(86,5): error TS1128: Declaration or statement expected.
src/app/blog/sake-pairing-guide/page.tsx(86,6): error TS1128: Declaration or statement expected.
src/app/blog/sake-pairing-guide/page.tsx(86,7): error TS1128: Declaration or statement expected.
src/app/blog/sake-pairing-guide/page.tsx(86,8): error TS1128: Declaration or statement expected.
src/app/blog/sake-pairing-guide/page.tsx(87,1): error TS1128: Declaration or statement expected.
src/app/blog/sake-pairing-guide/page.tsx(91,5): error TS1136: Property assignment expected.
src/app/blog/sake-pairing-guide/page.tsx(91,21): error TS1146: Declaration expected.
src/app/blog/sake-pairing-guide/page.tsx(91,28): error TS1128: Declaration or statement expected.
src/app/blog/sake-pairing-guide/page.tsx(91,30): error TS1109: Expression expected.
src/app/blog/sake-pairing-guide/page.tsx(92,5): error TS1109: Expression expected.
src/app/blog/sake-pairing-guide/page.tsx(92,18): error TS1146: Declaration expected.
src/app/blog/sake-pairing-guide/page.tsx(92,25): error TS1128: Declaration or statement expected.
src/app/blog/sake-pairing-guide/page.tsx(92,27): error TS1109: Expression expected.
src/app/blog/sake-pairing-guide/page.tsx(92,57): error TS1128: Declaration or statement expected.
src/app/blog/sake-pairing-guide/page.tsx(93,5): error TS1109: Expression expected.
src/app/blog/sake-pairing-guide/page.tsx(93,36): error TS1128: Declaration or statement expected.
src/app/blog/sake-pairing-guide/page.tsx(94,7): error TS1136: Property assignment expected.
src/app/blog/sake-pairing-guide/page.tsx(94,13): error TS1005: ',' expected.
src/app/blog/sake-pairing-guide/page.tsx(94,20): error TS1109: Expression expected.
src/app/blog/sake-pairing-guide/page.tsx(94,27): error TS1005: ',' expected.
src/app/blog/sake-pairing-guide/page.tsx(94,28): error TS1137: Expression or comma expected.
src/app/blog/sake-pairing-guide/page.tsx(94,30): error TS1109: Expression expected.
src/app/blog/sake-pairing-guide/page.tsx(94,36): error TS1005: ',' expected.
src/app/blog/sake-pairing-guide/page.tsx(94,53): error TS1005: ',' expected.
src/app/blog/sake-pairing-guide/page.tsx(94,56): error TS1109: Expression expected.
src/app/blog/sake-pairing-guide/page.tsx(94,62): error TS1005: ',' expected.
src/app/blog/sake-pairing-guide/page.tsx(94,79): error TS1005: ',' expected.
src/app/blog/sake-pairing-guide/page.tsx(94,80): error TS1137: Expression or comma expected.
src/app/blog/sake-pairing-guide/page.tsx(94,85): error TS1109: Expression expected.
src/app/blog/sake-pairing-guide/page.tsx(94,91): error TS1005: ',' expected.
src/app/blog/sake-pairing-guide/page.tsx(94,104): error TS1005: ',' expected.
src/app/blog/sake-pairing-guide/page.tsx(94,105): error TS1137: Expression or comma expected.
src/app/blog/sake-pairing-guide/page.tsx(94,107): error TS1109: Expression expected.
src/app/blog/sake-pairing-guide/page.tsx(94,113): error TS1005: ',' expected.
src/app/blog/sake-pairing-guide/page.tsx(94,126): error TS1005: ',' expected.
src/app/blog/sake-pairing-guide/page.tsx(94,129): error TS1109: Expression expected.
src/app/blog/sake-pairing-guide/page.tsx(94,135): error TS1005: ',' expected.
src/app/blog/sake-pairing-guide/page.tsx(94,148): error TS1005: ',' expected.
src/app/blog/sake-pairing-guide/page.tsx(94,149): error TS1137: Expression or comma expected.
src/app/blog/sake-pairing-guide/page.tsx(94,151): error TS1109: Expression expected.
src/app/blog/sake-pairing-guide/page.tsx(94,157): error TS1005: ',' expected.
src/app/blog/sake-pairing-guide/page.tsx(94,164): error TS1005: ',' expected.
src/app/blog/sake-pairing-guide/page.tsx(95,7): error TS1136: Property assignment expected.
src/app/blog/sake-pairing-guide/page.tsx(95,13): error TS1005: ',' expected.
src/app/blog/sake-pairing-guide/page.tsx(95,20): error TS1109: Expression expected.
src/app/blog/sake-pairing-guide/page.tsx(95,27): error TS1005: ',' expected.
src/app/blog/sake-pairing-guide/page.tsx(95,28): error TS1137: Expression or comma expected.
src/app/blog/sake-pairing-guide/page.tsx(95,30): error TS1109: Expression expected.
src/app/blog/sake-pairing-guide/page.tsx(95,36): error TS1005: ',' expected.
src/app/blog/sake-pairing-guide/page.tsx(95,53): error TS1005: ',' expected.
src/app/blog/sake-pairing-guide/page.tsx(95,56): error TS1109: Expression expected.
src/app/blog/sake-pairing-guide/page.tsx(95,62): error TS1005: ',' expected.
src/app/blog/sake-pairing-guide/page.tsx(95,79): error TS1005: ',' expected.
src/app/blog/sake-pairing-guide/page.tsx(95,80): error TS1137: Expression or comma expected.
src/app/blog/sake-pairing-guide/page.tsx(95,85): error TS1109: Expression expected.
src/app/blog/sake-pairing-guide/page.tsx(95,91): error TS1005: ',' expected.
src/app/blog/sake-pairing-guide/page.tsx(95,104): error TS1005: ',' expected.
src/app/blog/sake-pairing-guide/page.tsx(95,105): error TS1137: Expression or comma expected.
src/app/blog/sake-pairing-guide/page.tsx(95,107): error TS1109: Expression expected.
src/app/blog/sake-pairing-guide/page.tsx(95,113): error TS1005: ',' expected.
src/app/blog/sake-pairing-guide/page.tsx(95,126): error TS1005: ',' expected.
src/app/blog/sake-pairing-guide/page.tsx(95,129): error TS1109: Expression expected.
src/app/blog/sake-pairing-guide/page.tsx(95,135): error TS1005: ',' expected.
src/app/blog/sake-pairing-guide/page.tsx(95,148): error TS1005: ',' expected.
src/app/blog/sake-pairing-guide/page.tsx(95,149): error TS1137: Expression or comma expected.
src/app/blog/sake-pairing-guide/page.tsx(95,151): error TS1109: Expression expected.
src/app/blog/sake-pairing-guide/page.tsx(95,157): error TS1005: ',' expected.
src/app/blog/sake-pairing-guide/page.tsx(95,164): error TS1005: ',' expected.
src/app/blog/sake-pairing-guide/page.tsx(96,7): error TS1136: Property assignment expected.
src/app/blog/sake-pairing-guide/page.tsx(96,13): error TS1005: ',' expected.
src/app/blog/sake-pairing-guide/page.tsx(96,20): error TS1109: Expression expected.
src/app/blog/sake-pairing-guide/page.tsx(96,27): error TS1005: ',' expected.
src/app/blog/sake-pairing-guide/page.tsx(96,28): error TS1137: Expression or comma expected.
src/app/blog/sake-pairing-guide/page.tsx(96,30): error TS1109: Expression expected.
src/app/blog/sake-pairing-guide/page.tsx(96,36): error TS1005: ',' expected.
src/app/blog/sake-pairing-guide/page.tsx(96,53): error TS1005: ',' expected.
src/app/blog/sake-pairing-guide/page.tsx(96,56): error TS1109: Expression expected.
src/app/blog/sake-pairing-guide/page.tsx(96,62): error TS1005: ',' expected.
src/app/blog/sake-pairing-guide/page.tsx(96,79): error TS1005: ',' expected.
src/app/blog/sake-pairing-guide/page.tsx(96,80): error TS1137: Expression or comma expected.
src/app/blog/sake-pairing-guide/page.tsx(96,85): error TS1109: Expression expected.
src/app/blog/sake-pairing-guide/page.tsx(96,91): error TS1005: ',' expected.
src/app/blog/sake-pairing-guide/page.tsx(96,104): error TS1005: ',' expected.
src/app/blog/sake-pairing-guide/page.tsx(96,105): error TS1137: Expression or comma expected.
src/app/blog/sake-pairing-guide/page.tsx(96,107): error TS1109: Expression expected.
src/app/blog/sake-pairing-guide/page.tsx(96,113): error TS1005: ',' expected.
src/app/blog/sake-pairing-guide/page.tsx(96,137): error TS1005: ',' expected.
src/app/blog/sake-pairing-guide/page.tsx(96,140): error TS1109: Expression expected.
src/app/blog/sake-pairing-guide/page.tsx(96,146): error TS1005: ',' expected.
src/app/blog/sake-pairing-guide/page.tsx(96,159): error TS1005: ',' expected.
src/app/blog/sake-pairing-guide/page.tsx(96,160): error TS1137: Expression or comma expected.
src/app/blog/sake-pairing-guide/page.tsx(96,162): error TS1109: Expression expected.
src/app/blog/sake-pairing-guide/page.tsx(96,168): error TS1005: ',' expected.
src/app/blog/sake-pairing-guide/page.tsx(96,175): error TS1005: ',' expected.
src/app/blog/sake-pairing-guide/page.tsx(97,7): error TS1136: Property assignment expected.
src/app/blog/sake-pairing-guide/page.tsx(97,13): error TS1005: ',' expected.
src/app/blog/sake-pairing-guide/page.tsx(97,20): error TS1109: Expression expected.
src/app/blog/sake-pairing-guide/page.tsx(97,27): error TS1005: ',' expected.
src/app/blog/sake-pairing-guide/page.tsx(97,28): error TS1137: Expression or comma expected.
src/app/blog/sake-pairing-guide/page.tsx(97,30): error TS1109: Expression expected.
src/app/blog/sake-pairing-guide/page.tsx(97,36): error TS1005: ',' expected.
src/app/blog/sake-pairing-guide/page.tsx(97,53): error TS1005: ',' expected.
src/app/blog/sake-pairing-guide/page.tsx(97,56): error TS1109: Expression expected.
src/app/blog/sake-pairing-guide/page.tsx(97,62): error TS1005: ',' expected.
src/app/blog/sake-pairing-guide/page.tsx(97,79): error TS1005: ',' expected.
src/app/blog/sake-pairing-guide/page.tsx(97,80): error TS1137: Expression or comma expected.
src/app/blog/sake-pairing-guide/page.tsx(97,85): error TS1109: Expression expected.
src/app/blog/sake-pairing-guide/page.tsx(97,91): error TS1005: ',' expected.
src/app/blog/sake-pairing-guide/page.tsx(97,104): error TS1005: ',' expected.
src/app/blog/sake-pairing-guide/page.tsx(97,105): error TS1137: Expression or comma expected.
src/app/blog/sake-pairing-guide/page.tsx(97,107): error TS1109: Expression expected.
src/app/blog/sake-pairing-guide/page.tsx(97,113): error TS1005: ',' expected.
src/app/blog/sake-pairing-guide/page.tsx(97,120): error TS1005: ',' expected.
src/app/blog/sake-pairing-guide/page.tsx(97,128): error TS1005: ',' expected.
src/app/blog/sake-pairing-guide/page.tsx(97,133): error TS1005: ',' expected.
src/app/blog/sake-pairing-guide/page.tsx(97,143): error TS1005: ',' expected.
src/app/blog/sake-pairing-guide/page.tsx(97,151): error TS1005: ',' expected.
src/app/blog/sake-pairing-guide/page.tsx(97,155): error TS1005: '(' expected.
src/app/blog/sake-pairing-guide/page.tsx(97,161): error TS1005: ';' expected.
src/app/blog/sake-pairing-guide/page.tsx(97,174): error TS1109: Expression expected.
src/app/blog/sake-pairing-guide/page.tsx(97,175): error TS1128: Declaration or statement expected.
src/app/blog/sake-pairing-guide/page.tsx(98,5): error TS1128: Declaration or statement expected.
src/app/blog/sake-pairing-guide/page.tsx(98,6): error TS1128: Declaration or statement expected.
src/app/blog/sake-pairing-guide/page.tsx(99,1): error TS1128: Declaration or statement expected.
src/app/blog/sashimi-vs-sushi/page.tsx(43,38): error TS1136: Property assignment expected.
src/app/blog/sashimi-vs-sushi/page.tsx(43,43): error TS1005: ')' expected.
src/app/blog/sashimi-vs-sushi/page.tsx(43,44): error TS1136: Property assignment expected.
src/app/blog/sashimi-vs-sushi/page.tsx(43,49): error TS1109: Expression expected.
src/app/blog/sashimi-vs-sushi/page.tsx(43,54): error TS1005: ',' expected.
src/app/blog/sashimi-vs-sushi/page.tsx(43,55): error TS1128: Declaration or statement expected.
src/app/blog/sashimi-vs-sushi/page.tsx(43,57): error TS1109: Expression expected.
src/app/blog/sashimi-vs-sushi/page.tsx(43,77): error TS1128: Declaration or statement expected.
src/app/blog/sashimi-vs-sushi/page.tsx(43,111): error TS1005: ';' expected.
src/app/blog/sashimi-vs-sushi/page.tsx(43,115): error TS1109: Expression expected.
src/app/blog/sashimi-vs-sushi/page.tsx(43,126): error TS1146: Declaration expected.
src/app/blog/sashimi-vs-sushi/page.tsx(43,132): error TS1128: Declaration or statement expected.
src/app/blog/sashimi-vs-sushi/page.tsx(43,134): error TS1109: Expression expected.
src/app/blog/sashimi-vs-sushi/page.tsx(43,152): error TS1128: Declaration or statement expected.
src/app/blog/sashimi-vs-sushi/page.tsx(43,171): error TS1128: Declaration or statement expected.
src/app/blog/sashimi-vs-sushi/page.tsx(43,172): error TS1128: Declaration or statement expected.
src/app/blog/sashimi-vs-sushi/page.tsx(43,173): error TS1128: Declaration or statement expected.
src/app/blog/sashimi-vs-sushi/page.tsx(44,5): error TS1128: Declaration or statement expected.
src/app/blog/sashimi-vs-sushi/page.tsx(45,1): error TS1128: Declaration or statement expected.
src/app/blog/sashimi-vs-sushi/page.tsx(49,5): error TS1136: Property assignment expected.
src/app/blog/sashimi-vs-sushi/page.tsx(49,19): error TS1146: Declaration expected.
src/app/blog/sashimi-vs-sushi/page.tsx(49,25): error TS1128: Declaration or statement expected.
src/app/blog/sashimi-vs-sushi/page.tsx(49,27): error TS1109: Expression expected.
src/app/blog/sashimi-vs-sushi/page.tsx(50,5): error TS1109: Expression expected.
src/app/blog/sashimi-vs-sushi/page.tsx(50,16): error TS1146: Declaration expected.
src/app/blog/sashimi-vs-sushi/page.tsx(50,22): error TS1128: Declaration or statement expected.
src/app/blog/sashimi-vs-sushi/page.tsx(50,24): error TS1109: Expression expected.
src/app/blog/sashimi-vs-sushi/page.tsx(50,50): error TS1128: Declaration or statement expected.
src/app/blog/sashimi-vs-sushi/page.tsx(51,5): error TS1109: Expression expected.
src/app/blog/sashimi-vs-sushi/page.tsx(51,32): error TS1128: Declaration or statement expected.
src/app/blog/sashimi-vs-sushi/page.tsx(52,11): error TS1136: Property assignment expected.
src/app/blog/sashimi-vs-sushi/page.tsx(52,16): error TS1005: ',' expected.
src/app/blog/sashimi-vs-sushi/page.tsx(52,22): error TS1109: Expression expected.
src/app/blog/sashimi-vs-sushi/page.tsx(52,27): error TS1005: ',' expected.
src/app/blog/sashimi-vs-sushi/page.tsx(52,28): error TS1137: Expression or comma expected.
src/app/blog/sashimi-vs-sushi/page.tsx(52,30): error TS1109: Expression expected.
src/app/blog/sashimi-vs-sushi/page.tsx(52,35): error TS1005: ',' expected.
src/app/blog/sashimi-vs-sushi/page.tsx(52,49): error TS1005: ',' expected.
src/app/blog/sashimi-vs-sushi/page.tsx(52,52): error TS1109: Expression expected.
src/app/blog/sashimi-vs-sushi/page.tsx(52,57): error TS1005: ',' expected.
src/app/blog/sashimi-vs-sushi/page.tsx(52,71): error TS1005: ',' expected.
src/app/blog/sashimi-vs-sushi/page.tsx(52,72): error TS1137: Expression or comma expected.
src/app/blog/sashimi-vs-sushi/page.tsx(52,77): error TS1109: Expression expected.
src/app/blog/sashimi-vs-sushi/page.tsx(52,82): error TS1005: ',' expected.
src/app/blog/sashimi-vs-sushi/page.tsx(52,92): error TS1005: ',' expected.
src/app/blog/sashimi-vs-sushi/page.tsx(52,93): error TS1137: Expression or comma expected.
src/app/blog/sashimi-vs-sushi/page.tsx(52,95): error TS1109: Expression expected.
src/app/blog/sashimi-vs-sushi/page.tsx(52,100): error TS1005: ',' expected.
src/app/blog/sashimi-vs-sushi/page.tsx(52,110): error TS1005: ',' expected.
src/app/blog/sashimi-vs-sushi/page.tsx(52,113): error TS1109: Expression expected.
src/app/blog/sashimi-vs-sushi/page.tsx(52,118): error TS1005: ',' expected.
src/app/blog/sashimi-vs-sushi/page.tsx(52,128): error TS1005: ',' expected.
src/app/blog/sashimi-vs-sushi/page.tsx(52,129): error TS1137: Expression or comma expected.
src/app/blog/sashimi-vs-sushi/page.tsx(52,131): error TS1109: Expression expected.
src/app/blog/sashimi-vs-sushi/page.tsx(52,136): error TS1005: ',' expected.
src/app/blog/sashimi-vs-sushi/page.tsx(52,142): error TS1005: ',' expected.
src/app/blog/sashimi-vs-sushi/page.tsx(53,11): error TS1136: Property assignment expected.
src/app/blog/sashimi-vs-sushi/page.tsx(53,16): error TS1005: ',' expected.
src/app/blog/sashimi-vs-sushi/page.tsx(53,22): error TS1109: Expression expected.
src/app/blog/sashimi-vs-sushi/page.tsx(53,27): error TS1005: ',' expected.
src/app/blog/sashimi-vs-sushi/page.tsx(53,28): error TS1137: Expression or comma expected.
src/app/blog/sashimi-vs-sushi/page.tsx(53,30): error TS1109: Expression expected.
src/app/blog/sashimi-vs-sushi/page.tsx(53,35): error TS1005: ',' expected.
src/app/blog/sashimi-vs-sushi/page.tsx(53,49): error TS1005: ',' expected.
src/app/blog/sashimi-vs-sushi/page.tsx(53,52): error TS1109: Expression expected.
src/app/blog/sashimi-vs-sushi/page.tsx(53,57): error TS1005: ',' expected.
src/app/blog/sashimi-vs-sushi/page.tsx(53,71): error TS1005: ',' expected.
src/app/blog/sashimi-vs-sushi/page.tsx(53,72): error TS1137: Expression or comma expected.
src/app/blog/sashimi-vs-sushi/page.tsx(53,77): error TS1109: Expression expected.
src/app/blog/sashimi-vs-sushi/page.tsx(53,82): error TS1005: ',' expected.
src/app/blog/sashimi-vs-sushi/page.tsx(53,92): error TS1005: ',' expected.
src/app/blog/sashimi-vs-sushi/page.tsx(53,93): error TS1137: Expression or comma expected.
src/app/blog/sashimi-vs-sushi/page.tsx(53,95): error TS1109: Expression expected.
src/app/blog/sashimi-vs-sushi/page.tsx(53,100): error TS1005: ',' expected.
src/app/blog/sashimi-vs-sushi/page.tsx(53,110): error TS1005: ',' expected.
src/app/blog/sashimi-vs-sushi/page.tsx(53,113): error TS1109: Expression expected.
src/app/blog/sashimi-vs-sushi/page.tsx(53,118): error TS1005: ',' expected.
src/app/blog/sashimi-vs-sushi/page.tsx(53,128): error TS1005: ',' expected.
src/app/blog/sashimi-vs-sushi/page.tsx(53,129): error TS1137: Expression or comma expected.
src/app/blog/sashimi-vs-sushi/page.tsx(53,131): error TS1109: Expression expected.
src/app/blog/sashimi-vs-sushi/page.tsx(53,136): error TS1005: ',' expected.
src/app/blog/sashimi-vs-sushi/page.tsx(53,142): error TS1005: ',' expected.
src/app/blog/sashimi-vs-sushi/page.tsx(54,11): error TS1136: Property assignment expected.
src/app/blog/sashimi-vs-sushi/page.tsx(54,16): error TS1005: ',' expected.
src/app/blog/sashimi-vs-sushi/page.tsx(54,22): error TS1109: Expression expected.
src/app/blog/sashimi-vs-sushi/page.tsx(54,27): error TS1005: ',' expected.
src/app/blog/sashimi-vs-sushi/page.tsx(54,28): error TS1137: Expression or comma expected.
src/app/blog/sashimi-vs-sushi/page.tsx(54,30): error TS1109: Expression expected.
src/app/blog/sashimi-vs-sushi/page.tsx(54,35): error TS1005: ',' expected.
src/app/blog/sashimi-vs-sushi/page.tsx(54,49): error TS1005: ',' expected.
src/app/blog/sashimi-vs-sushi/page.tsx(54,52): error TS1109: Expression expected.
src/app/blog/sashimi-vs-sushi/page.tsx(54,57): error TS1005: ',' expected.
src/app/blog/sashimi-vs-sushi/page.tsx(54,71): error TS1005: ',' expected.
src/app/blog/sashimi-vs-sushi/page.tsx(54,72): error TS1137: Expression or comma expected.
src/app/blog/sashimi-vs-sushi/page.tsx(54,77): error TS1109: Expression expected.
src/app/blog/sashimi-vs-sushi/page.tsx(54,82): error TS1005: ',' expected.
src/app/blog/sashimi-vs-sushi/page.tsx(54,92): error TS1005: ',' expected.
src/app/blog/sashimi-vs-sushi/page.tsx(54,93): error TS1137: Expression or comma expected.
src/app/blog/sashimi-vs-sushi/page.tsx(54,95): error TS1109: Expression expected.
src/app/blog/sashimi-vs-sushi/page.tsx(54,100): error TS1005: ',' expected.
src/app/blog/sashimi-vs-sushi/page.tsx(54,108): error TS1005: ',' expected.
src/app/blog/sashimi-vs-sushi/page.tsx(54,114): error TS1005: ',' expected.
src/app/blog/sashimi-vs-sushi/page.tsx(54,123): error TS1005: ',' expected.
src/app/blog/sashimi-vs-sushi/page.tsx(54,126): error TS1109: Expression expected.
src/app/blog/sashimi-vs-sushi/page.tsx(54,131): error TS1005: ',' expected.
src/app/blog/sashimi-vs-sushi/page.tsx(54,141): error TS1005: ',' expected.
src/app/blog/sashimi-vs-sushi/page.tsx(54,142): error TS1137: Expression or comma expected.
src/app/blog/sashimi-vs-sushi/page.tsx(54,144): error TS1109: Expression expected.
src/app/blog/sashimi-vs-sushi/page.tsx(54,149): error TS1005: ',' expected.
src/app/blog/sashimi-vs-sushi/page.tsx(54,155): error TS1005: ',' expected.
src/app/blog/sashimi-vs-sushi/page.tsx(55,11): error TS1136: Property assignment expected.
src/app/blog/sashimi-vs-sushi/page.tsx(55,16): error TS1005: ',' expected.
src/app/blog/sashimi-vs-sushi/page.tsx(55,22): error TS1109: Expression expected.
src/app/blog/sashimi-vs-sushi/page.tsx(55,27): error TS1005: ',' expected.
src/app/blog/sashimi-vs-sushi/page.tsx(55,28): error TS1137: Expression or comma expected.
src/app/blog/sashimi-vs-sushi/page.tsx(55,30): error TS1109: Expression expected.
src/app/blog/sashimi-vs-sushi/page.tsx(55,35): error TS1005: ',' expected.
src/app/blog/sashimi-vs-sushi/page.tsx(55,49): error TS1005: ',' expected.
src/app/blog/sashimi-vs-sushi/page.tsx(55,52): error TS1109: Expression expected.
src/app/blog/sashimi-vs-sushi/page.tsx(55,57): error TS1005: ',' expected.
src/app/blog/sashimi-vs-sushi/page.tsx(55,71): error TS1005: ',' expected.
src/app/blog/sashimi-vs-sushi/page.tsx(55,72): error TS1137: Expression or comma expected.
src/app/blog/sashimi-vs-sushi/page.tsx(55,77): error TS1109: Expression expected.
src/app/blog/sashimi-vs-sushi/page.tsx(55,82): error TS1005: ',' expected.
src/app/blog/sashimi-vs-sushi/page.tsx(55,92): error TS1005: ',' expected.
src/app/blog/sashimi-vs-sushi/page.tsx(55,93): error TS1137: Expression or comma expected.
src/app/blog/sashimi-vs-sushi/page.tsx(55,95): error TS1109: Expression expected.
src/app/blog/sashimi-vs-sushi/page.tsx(55,100): error TS1005: ',' expected.
src/app/blog/sashimi-vs-sushi/page.tsx(55,109): error TS1005: ',' expected.
src/app/blog/sashimi-vs-sushi/page.tsx(55,112): error TS1005: ',' expected.
src/app/blog/sashimi-vs-sushi/page.tsx(55,117): error TS1005: ',' expected.
src/app/blog/sashimi-vs-sushi/page.tsx(55,128): error TS1005: ',' expected.
src/app/blog/sashimi-vs-sushi/page.tsx(55,131): error TS1005: ',' expected.
src/app/blog/sashimi-vs-sushi/page.tsx(55,135): error TS1005: ',' expected.
src/app/blog/sashimi-vs-sushi/page.tsx(55,146): error TS1109: Expression expected.
src/app/blog/sashimi-vs-sushi/page.tsx(55,151): error TS1005: ':' expected.
src/app/blog/sashimi-vs-sushi/page.tsx(55,153): error TS1137: Expression or comma expected.
src/app/blog/sashimi-vs-sushi/page.tsx(57,1): error TS1109: Expression expected.
src/app/blog/sashimi-vs-sushi/page.tsx(365,44): error TS1109: Expression expected.
src/app/blog/sashimi-vs-sushi/page.tsx(365,49): error TS1005: ',' expected.
src/app/blog/sashimi-vs-sushi/page.tsx(365,53): error TS1005: ',' expected.
src/app/blog/sashimi-vs-sushi/page.tsx(365,61): error TS1005: ',' expected.
src/app/blog/sashimi-vs-sushi/page.tsx(365,68): error TS1005: ',' expected.
src/app/blog/sashimi-vs-sushi/page.tsx(365,72): error TS1005: ',' expected.
src/app/blog/sashimi-vs-sushi/page.tsx(365,77): error TS1005: ',' expected.
src/app/blog/sashimi-vs-sushi/page.tsx(367,37): error TS1381: Unexpected token. Did you mean `{'}'}` or `&rbrace;`?
src/app/blog/sashimi-vs-sushi/page.tsx(369,42): error TS1005: '}' expected.
src/app/blog/sashimi-vs-sushi/page.tsx(371,37): error TS1381: Unexpected token. Did you mean `{'}'}` or `&rbrace;`?
src/app/blog/sashimi-vs-sushi/page.tsx(373,42): error TS1005: '}' expected.
src/app/blog/sashimi-vs-sushi/page.tsx(375,37): error TS1381: Unexpected token. Did you mean `{'}'}` or `&rbrace;`?
src/app/blog/sashimi-vs-sushi/page.tsx(377,42): error TS1005: '}' expected.
src/app/blog/sashimi-vs-sushi/page.tsx(379,37): error TS1381: Unexpected token. Did you mean `{'}'}` or `&rbrace;`?
src/app/blog/sashimi-vs-sushi/page.tsx(381,42): error TS1005: '}' expected.
src/app/blog/sashimi-vs-sushi/page.tsx(383,37): error TS1381: Unexpected token. Did you mean `{'}'}` or `&rbrace;`?
src/app/blog/sashimi-vs-sushi/page.tsx(384,47): error TS1382: Unexpected token. Did you mean `{'>'}` or `&gt;`?
src/app/blog/sashimi-vs-sushi/page.tsx(394,35): error TS1381: Unexpected token. Did you mean `{'}'}` or `&rbrace;`?
src/app/blog/sushi-lunch-specials/page.tsx(55,34): error TS1136: Property assignment expected.
src/app/blog/sushi-lunch-specials/page.tsx(55,39): error TS1005: ')' expected.
src/app/blog/sushi-lunch-specials/page.tsx(55,40): error TS1136: Property assignment expected.
src/app/blog/sushi-lunch-specials/page.tsx(55,45): error TS1146: Declaration expected.
src/app/blog/sushi-lunch-specials/page.tsx(55,51): error TS1128: Declaration or statement expected.
src/app/blog/sushi-lunch-specials/page.tsx(55,53): error TS1109: Expression expected.
src/app/blog/sushi-lunch-specials/page.tsx(55,73): error TS1128: Declaration or statement expected.
src/app/blog/sushi-lunch-specials/page.tsx(55,107): error TS1005: ';' expected.
src/app/blog/sushi-lunch-specials/page.tsx(55,111): error TS1109: Expression expected.
src/app/blog/sushi-lunch-specials/page.tsx(55,122): error TS1146: Declaration expected.
src/app/blog/sushi-lunch-specials/page.tsx(55,128): error TS1128: Declaration or statement expected.
src/app/blog/sushi-lunch-specials/page.tsx(55,130): error TS1109: Expression expected.
src/app/blog/sushi-lunch-specials/page.tsx(55,148): error TS1128: Declaration or statement expected.
src/app/blog/sushi-lunch-specials/page.tsx(55,167): error TS1128: Declaration or statement expected.
src/app/blog/sushi-lunch-specials/page.tsx(55,168): error TS1128: Declaration or statement expected.
src/app/blog/sushi-lunch-specials/page.tsx(55,169): error TS1128: Declaration or statement expected.
src/app/blog/sushi-lunch-specials/page.tsx(55,170): error TS1128: Declaration or statement expected.
src/app/blog/sushi-lunch-specials/page.tsx(56,1): error TS1128: Declaration or statement expected.
src/app/blog/sushi-lunch-specials/page.tsx(60,5): error TS1136: Property assignment expected.
src/app/blog/sushi-lunch-specials/page.tsx(60,19): error TS1146: Declaration expected.
src/app/blog/sushi-lunch-specials/page.tsx(60,25): error TS1128: Declaration or statement expected.
src/app/blog/sushi-lunch-specials/page.tsx(60,27): error TS1109: Expression expected.
src/app/blog/sushi-lunch-specials/page.tsx(61,5): error TS1109: Expression expected.
src/app/blog/sushi-lunch-specials/page.tsx(61,16): error TS1146: Declaration expected.
src/app/blog/sushi-lunch-specials/page.tsx(61,22): error TS1128: Declaration or statement expected.
src/app/blog/sushi-lunch-specials/page.tsx(61,24): error TS1109: Expression expected.
src/app/blog/sushi-lunch-specials/page.tsx(61,50): error TS1128: Declaration or statement expected.
src/app/blog/sushi-lunch-specials/page.tsx(62,5): error TS1109: Expression expected.
src/app/blog/sushi-lunch-specials/page.tsx(62,32): error TS1128: Declaration or statement expected.
src/app/blog/sushi-lunch-specials/page.tsx(63,11): error TS1136: Property assignment expected.
src/app/blog/sushi-lunch-specials/page.tsx(63,16): error TS1005: ',' expected.
src/app/blog/sushi-lunch-specials/page.tsx(63,22): error TS1109: Expression expected.
src/app/blog/sushi-lunch-specials/page.tsx(63,27): error TS1005: ',' expected.
src/app/blog/sushi-lunch-specials/page.tsx(63,28): error TS1137: Expression or comma expected.
src/app/blog/sushi-lunch-specials/page.tsx(63,30): error TS1109: Expression expected.
src/app/blog/sushi-lunch-specials/page.tsx(63,35): error TS1005: ',' expected.
src/app/blog/sushi-lunch-specials/page.tsx(63,49): error TS1005: ',' expected.
src/app/blog/sushi-lunch-specials/page.tsx(63,52): error TS1109: Expression expected.
src/app/blog/sushi-lunch-specials/page.tsx(63,57): error TS1005: ',' expected.
src/app/blog/sushi-lunch-specials/page.tsx(63,71): error TS1005: ',' expected.
src/app/blog/sushi-lunch-specials/page.tsx(63,72): error TS1137: Expression or comma expected.
src/app/blog/sushi-lunch-specials/page.tsx(63,77): error TS1109: Expression expected.
src/app/blog/sushi-lunch-specials/page.tsx(63,82): error TS1005: ',' expected.
src/app/blog/sushi-lunch-specials/page.tsx(63,92): error TS1005: ',' expected.
src/app/blog/sushi-lunch-specials/page.tsx(63,93): error TS1137: Expression or comma expected.
src/app/blog/sushi-lunch-specials/page.tsx(63,95): error TS1109: Expression expected.
src/app/blog/sushi-lunch-specials/page.tsx(63,100): error TS1005: ',' expected.
src/app/blog/sushi-lunch-specials/page.tsx(63,110): error TS1005: ',' expected.
src/app/blog/sushi-lunch-specials/page.tsx(63,113): error TS1109: Expression expected.
src/app/blog/sushi-lunch-specials/page.tsx(63,118): error TS1005: ',' expected.
src/app/blog/sushi-lunch-specials/page.tsx(63,128): error TS1005: ',' expected.
src/app/blog/sushi-lunch-specials/page.tsx(63,129): error TS1137: Expression or comma expected.
src/app/blog/sushi-lunch-specials/page.tsx(63,131): error TS1109: Expression expected.
src/app/blog/sushi-lunch-specials/page.tsx(63,136): error TS1005: ',' expected.
src/app/blog/sushi-lunch-specials/page.tsx(63,142): error TS1005: ',' expected.
src/app/blog/sushi-lunch-specials/page.tsx(64,11): error TS1136: Property assignment expected.
src/app/blog/sushi-lunch-specials/page.tsx(64,16): error TS1005: ',' expected.
src/app/blog/sushi-lunch-specials/page.tsx(64,22): error TS1109: Expression expected.
src/app/blog/sushi-lunch-specials/page.tsx(64,27): error TS1005: ',' expected.
src/app/blog/sushi-lunch-specials/page.tsx(64,28): error TS1137: Expression or comma expected.
src/app/blog/sushi-lunch-specials/page.tsx(64,30): error TS1109: Expression expected.
src/app/blog/sushi-lunch-specials/page.tsx(64,35): error TS1005: ',' expected.
src/app/blog/sushi-lunch-specials/page.tsx(64,49): error TS1005: ',' expected.
src/app/blog/sushi-lunch-specials/page.tsx(64,52): error TS1109: Expression expected.
src/app/blog/sushi-lunch-specials/page.tsx(64,57): error TS1005: ',' expected.
src/app/blog/sushi-lunch-specials/page.tsx(64,71): error TS1005: ',' expected.
src/app/blog/sushi-lunch-specials/page.tsx(64,72): error TS1137: Expression or comma expected.
src/app/blog/sushi-lunch-specials/page.tsx(64,77): error TS1109: Expression expected.
src/app/blog/sushi-lunch-specials/page.tsx(64,82): error TS1005: ',' expected.
src/app/blog/sushi-lunch-specials/page.tsx(64,92): error TS1005: ',' expected.
src/app/blog/sushi-lunch-specials/page.tsx(64,93): error TS1137: Expression or comma expected.
src/app/blog/sushi-lunch-specials/page.tsx(64,95): error TS1109: Expression expected.
src/app/blog/sushi-lunch-specials/page.tsx(64,100): error TS1005: ',' expected.
src/app/blog/sushi-lunch-specials/page.tsx(64,110): error TS1005: ',' expected.
src/app/blog/sushi-lunch-specials/page.tsx(64,113): error TS1109: Expression expected.
src/app/blog/sushi-lunch-specials/page.tsx(64,118): error TS1005: ',' expected.
src/app/blog/sushi-lunch-specials/page.tsx(64,128): error TS1005: ',' expected.
src/app/blog/sushi-lunch-specials/page.tsx(64,129): error TS1137: Expression or comma expected.
src/app/blog/sushi-lunch-specials/page.tsx(64,131): error TS1109: Expression expected.
src/app/blog/sushi-lunch-specials/page.tsx(64,136): error TS1005: ',' expected.
src/app/blog/sushi-lunch-specials/page.tsx(64,142): error TS1005: ',' expected.
src/app/blog/sushi-lunch-specials/page.tsx(65,11): error TS1136: Property assignment expected.
src/app/blog/sushi-lunch-specials/page.tsx(65,16): error TS1005: ',' expected.
src/app/blog/sushi-lunch-specials/page.tsx(65,22): error TS1109: Expression expected.
src/app/blog/sushi-lunch-specials/page.tsx(65,27): error TS1005: ',' expected.
src/app/blog/sushi-lunch-specials/page.tsx(65,28): error TS1137: Expression or comma expected.
src/app/blog/sushi-lunch-specials/page.tsx(65,30): error TS1109: Expression expected.
src/app/blog/sushi-lunch-specials/page.tsx(65,35): error TS1005: ',' expected.
src/app/blog/sushi-lunch-specials/page.tsx(65,49): error TS1005: ',' expected.
src/app/blog/sushi-lunch-specials/page.tsx(65,52): error TS1109: Expression expected.
src/app/blog/sushi-lunch-specials/page.tsx(65,57): error TS1005: ',' expected.
src/app/blog/sushi-lunch-specials/page.tsx(65,71): error TS1005: ',' expected.
src/app/blog/sushi-lunch-specials/page.tsx(65,72): error TS1137: Expression or comma expected.
src/app/blog/sushi-lunch-specials/page.tsx(65,77): error TS1109: Expression expected.
src/app/blog/sushi-lunch-specials/page.tsx(65,82): error TS1005: ',' expected.
src/app/blog/sushi-lunch-specials/page.tsx(65,92): error TS1005: ',' expected.
src/app/blog/sushi-lunch-specials/page.tsx(65,93): error TS1137: Expression or comma expected.
src/app/blog/sushi-lunch-specials/page.tsx(65,95): error TS1109: Expression expected.
src/app/blog/sushi-lunch-specials/page.tsx(65,100): error TS1005: ',' expected.
src/app/blog/sushi-lunch-specials/page.tsx(65,110): error TS1005: ',' expected.
src/app/blog/sushi-lunch-specials/page.tsx(65,113): error TS1109: Expression expected.
src/app/blog/sushi-lunch-specials/page.tsx(65,118): error TS1005: ',' expected.
src/app/blog/sushi-lunch-specials/page.tsx(65,128): error TS1005: ',' expected.
src/app/blog/sushi-lunch-specials/page.tsx(65,129): error TS1137: Expression or comma expected.
src/app/blog/sushi-lunch-specials/page.tsx(65,131): error TS1109: Expression expected.
src/app/blog/sushi-lunch-specials/page.tsx(65,136): error TS1005: ',' expected.
src/app/blog/sushi-lunch-specials/page.tsx(65,142): error TS1005: ',' expected.
src/app/blog/sushi-lunch-specials/page.tsx(66,11): error TS1136: Property assignment expected.
src/app/blog/sushi-lunch-specials/page.tsx(66,16): error TS1005: ',' expected.
src/app/blog/sushi-lunch-specials/page.tsx(66,22): error TS1109: Expression expected.
src/app/blog/sushi-lunch-specials/page.tsx(66,27): error TS1005: ',' expected.
src/app/blog/sushi-lunch-specials/page.tsx(66,28): error TS1137: Expression or comma expected.
src/app/blog/sushi-lunch-specials/page.tsx(66,30): error TS1109: Expression expected.
src/app/blog/sushi-lunch-specials/page.tsx(66,35): error TS1005: ',' expected.
src/app/blog/sushi-lunch-specials/page.tsx(66,49): error TS1005: ',' expected.
src/app/blog/sushi-lunch-specials/page.tsx(66,52): error TS1109: Expression expected.
src/app/blog/sushi-lunch-specials/page.tsx(66,57): error TS1005: ',' expected.
src/app/blog/sushi-lunch-specials/page.tsx(66,71): error TS1005: ',' expected.
src/app/blog/sushi-lunch-specials/page.tsx(66,72): error TS1137: Expression or comma expected.
src/app/blog/sushi-lunch-specials/page.tsx(66,77): error TS1109: Expression expected.
src/app/blog/sushi-lunch-specials/page.tsx(66,82): error TS1005: ',' expected.
src/app/blog/sushi-lunch-specials/page.tsx(66,92): error TS1005: ',' expected.
src/app/blog/sushi-lunch-specials/page.tsx(66,93): error TS1137: Expression or comma expected.
src/app/blog/sushi-lunch-specials/page.tsx(66,95): error TS1109: Expression expected.
src/app/blog/sushi-lunch-specials/page.tsx(66,100): error TS1005: ',' expected.
src/app/blog/sushi-lunch-specials/page.tsx(66,107): error TS1005: ',' expected.
src/app/blog/sushi-lunch-specials/page.tsx(66,113): error TS1005: ',' expected.
src/app/blog/sushi-lunch-specials/page.tsx(66,121): error TS1005: ',' expected.
src/app/blog/sushi-lunch-specials/page.tsx(66,128): error TS1005: ',' expected.
src/app/blog/sushi-lunch-specials/page.tsx(66,134): error TS1005: ',' expected.
src/app/blog/sushi-lunch-specials/page.tsx(66,139): error TS1005: ',' expected.
src/app/blog/sushi-lunch-specials/page.tsx(66,147): error TS1005: ',' expected.
src/app/blog/sushi-lunch-specials/page.tsx(66,149): error TS1137: Expression or comma expected.
src/app/blog/sushi-lunch-specials/page.tsx(68,1): error TS1109: Expression expected.
src/app/blog/sushi-platters-near-me/page.tsx(70,9): error TS1136: Property assignment expected.
src/app/blog/sushi-platters-near-me/page.tsx(70,14): error TS1005: ')' expected.
src/app/blog/sushi-platters-near-me/page.tsx(70,15): error TS1136: Property assignment expected.
src/app/blog/sushi-platters-near-me/page.tsx(70,20): error TS1146: Declaration expected.
src/app/blog/sushi-platters-near-me/page.tsx(70,26): error TS1128: Declaration or statement expected.
src/app/blog/sushi-platters-near-me/page.tsx(70,28): error TS1109: Expression expected.
src/app/blog/sushi-platters-near-me/page.tsx(70,48): error TS1128: Declaration or statement expected.
src/app/blog/sushi-platters-near-me/page.tsx(72,23): error TS1005: ';' expected.
src/app/blog/sushi-platters-near-me/page.tsx(73,13): error TS1109: Expression expected.
src/app/blog/sushi-platters-near-me/page.tsx(73,24): error TS1146: Declaration expected.
src/app/blog/sushi-platters-near-me/page.tsx(73,30): error TS1128: Declaration or statement expected.
src/app/blog/sushi-platters-near-me/page.tsx(73,32): error TS1109: Expression expected.
src/app/blog/sushi-platters-near-me/page.tsx(73,50): error TS1128: Declaration or statement expected.
src/app/blog/sushi-platters-near-me/page.tsx(75,9): error TS1109: Expression expected.
src/app/blog/sushi-platters-near-me/page.tsx(75,10): error TS1128: Declaration or statement expected.
src/app/blog/sushi-platters-near-me/page.tsx(76,5): error TS1128: Declaration or statement expected.
src/app/blog/sushi-platters-near-me/page.tsx(76,6): error TS1128: Declaration or statement expected.
src/app/blog/sushi-platters-near-me/page.tsx(76,7): error TS1128: Declaration or statement expected.
src/app/blog/sushi-platters-near-me/page.tsx(76,8): error TS1128: Declaration or statement expected.
src/app/blog/sushi-platters-near-me/page.tsx(77,1): error TS1128: Declaration or statement expected.
src/app/blog/sushi-platters-near-me/page.tsx(81,5): error TS1136: Property assignment expected.
src/app/blog/sushi-platters-near-me/page.tsx(81,19): error TS1146: Declaration expected.
src/app/blog/sushi-platters-near-me/page.tsx(81,25): error TS1128: Declaration or statement expected.
src/app/blog/sushi-platters-near-me/page.tsx(81,27): error TS1109: Expression expected.
src/app/blog/sushi-platters-near-me/page.tsx(82,5): error TS1109: Expression expected.
src/app/blog/sushi-platters-near-me/page.tsx(82,16): error TS1146: Declaration expected.
src/app/blog/sushi-platters-near-me/page.tsx(82,22): error TS1128: Declaration or statement expected.
src/app/blog/sushi-platters-near-me/page.tsx(82,24): error TS1109: Expression expected.
src/app/blog/sushi-platters-near-me/page.tsx(82,50): error TS1128: Declaration or statement expected.
src/app/blog/sushi-platters-near-me/page.tsx(83,5): error TS1109: Expression expected.
src/app/blog/sushi-platters-near-me/page.tsx(83,32): error TS1128: Declaration or statement expected.
src/app/blog/sushi-platters-near-me/page.tsx(84,11): error TS1136: Property assignment expected.
src/app/blog/sushi-platters-near-me/page.tsx(84,16): error TS1005: ',' expected.
src/app/blog/sushi-platters-near-me/page.tsx(84,22): error TS1109: Expression expected.
src/app/blog/sushi-platters-near-me/page.tsx(84,27): error TS1005: ',' expected.
src/app/blog/sushi-platters-near-me/page.tsx(84,28): error TS1137: Expression or comma expected.
src/app/blog/sushi-platters-near-me/page.tsx(84,30): error TS1109: Expression expected.
src/app/blog/sushi-platters-near-me/page.tsx(84,35): error TS1005: ',' expected.
src/app/blog/sushi-platters-near-me/page.tsx(84,49): error TS1005: ',' expected.
src/app/blog/sushi-platters-near-me/page.tsx(84,52): error TS1109: Expression expected.
src/app/blog/sushi-platters-near-me/page.tsx(84,57): error TS1005: ',' expected.
src/app/blog/sushi-platters-near-me/page.tsx(84,71): error TS1005: ',' expected.
src/app/blog/sushi-platters-near-me/page.tsx(84,72): error TS1137: Expression or comma expected.
src/app/blog/sushi-platters-near-me/page.tsx(84,77): error TS1109: Expression expected.
src/app/blog/sushi-platters-near-me/page.tsx(84,82): error TS1005: ',' expected.
src/app/blog/sushi-platters-near-me/page.tsx(84,92): error TS1005: ',' expected.
src/app/blog/sushi-platters-near-me/page.tsx(84,93): error TS1137: Expression or comma expected.
src/app/blog/sushi-platters-near-me/page.tsx(84,95): error TS1109: Expression expected.
src/app/blog/sushi-platters-near-me/page.tsx(84,100): error TS1005: ',' expected.
src/app/blog/sushi-platters-near-me/page.tsx(84,110): error TS1005: ',' expected.
src/app/blog/sushi-platters-near-me/page.tsx(84,113): error TS1109: Expression expected.
src/app/blog/sushi-platters-near-me/page.tsx(84,118): error TS1005: ',' expected.
src/app/blog/sushi-platters-near-me/page.tsx(84,128): error TS1005: ',' expected.
src/app/blog/sushi-platters-near-me/page.tsx(84,129): error TS1137: Expression or comma expected.
src/app/blog/sushi-platters-near-me/page.tsx(84,131): error TS1109: Expression expected.
src/app/blog/sushi-platters-near-me/page.tsx(84,136): error TS1005: ',' expected.
src/app/blog/sushi-platters-near-me/page.tsx(84,142): error TS1005: ',' expected.
src/app/blog/sushi-platters-near-me/page.tsx(85,11): error TS1136: Property assignment expected.
src/app/blog/sushi-platters-near-me/page.tsx(85,16): error TS1005: ',' expected.
src/app/blog/sushi-platters-near-me/page.tsx(85,22): error TS1109: Expression expected.
src/app/blog/sushi-platters-near-me/page.tsx(85,27): error TS1005: ',' expected.
src/app/blog/sushi-platters-near-me/page.tsx(85,28): error TS1137: Expression or comma expected.
src/app/blog/sushi-platters-near-me/page.tsx(85,30): error TS1109: Expression expected.
src/app/blog/sushi-platters-near-me/page.tsx(85,35): error TS1005: ',' expected.
src/app/blog/sushi-platters-near-me/page.tsx(85,49): error TS1005: ',' expected.
src/app/blog/sushi-platters-near-me/page.tsx(85,52): error TS1109: Expression expected.
src/app/blog/sushi-platters-near-me/page.tsx(85,57): error TS1005: ',' expected.
src/app/blog/sushi-platters-near-me/page.tsx(85,71): error TS1005: ',' expected.
src/app/blog/sushi-platters-near-me/page.tsx(85,72): error TS1137: Expression or comma expected.
src/app/blog/sushi-platters-near-me/page.tsx(85,77): error TS1109: Expression expected.
src/app/blog/sushi-platters-near-me/page.tsx(85,82): error TS1005: ',' expected.
src/app/blog/sushi-platters-near-me/page.tsx(85,92): error TS1005: ',' expected.
src/app/blog/sushi-platters-near-me/page.tsx(85,93): error TS1137: Expression or comma expected.
src/app/blog/sushi-platters-near-me/page.tsx(85,95): error TS1109: Expression expected.
src/app/blog/sushi-platters-near-me/page.tsx(85,100): error TS1005: ',' expected.
src/app/blog/sushi-platters-near-me/page.tsx(85,110): error TS1005: ',' expected.
src/app/blog/sushi-platters-near-me/page.tsx(85,113): error TS1109: Expression expected.
src/app/blog/sushi-platters-near-me/page.tsx(85,118): error TS1005: ',' expected.
src/app/blog/sushi-platters-near-me/page.tsx(85,128): error TS1005: ',' expected.
src/app/blog/sushi-platters-near-me/page.tsx(85,129): error TS1137: Expression or comma expected.
src/app/blog/sushi-platters-near-me/page.tsx(85,131): error TS1109: Expression expected.
src/app/blog/sushi-platters-near-me/page.tsx(85,136): error TS1005: ',' expected.
src/app/blog/sushi-platters-near-me/page.tsx(85,142): error TS1005: ',' expected.
src/app/blog/sushi-platters-near-me/page.tsx(86,11): error TS1136: Property assignment expected.
src/app/blog/sushi-platters-near-me/page.tsx(86,16): error TS1005: ',' expected.
src/app/blog/sushi-platters-near-me/page.tsx(86,22): error TS1109: Expression expected.
src/app/blog/sushi-platters-near-me/page.tsx(86,27): error TS1005: ',' expected.
src/app/blog/sushi-platters-near-me/page.tsx(86,28): error TS1137: Expression or comma expected.
src/app/blog/sushi-platters-near-me/page.tsx(86,30): error TS1109: Expression expected.
src/app/blog/sushi-platters-near-me/page.tsx(86,35): error TS1005: ',' expected.
src/app/blog/sushi-platters-near-me/page.tsx(86,49): error TS1005: ',' expected.
src/app/blog/sushi-platters-near-me/page.tsx(86,52): error TS1109: Expression expected.
src/app/blog/sushi-platters-near-me/page.tsx(86,57): error TS1005: ',' expected.
src/app/blog/sushi-platters-near-me/page.tsx(86,71): error TS1005: ',' expected.
src/app/blog/sushi-platters-near-me/page.tsx(86,72): error TS1137: Expression or comma expected.
src/app/blog/sushi-platters-near-me/page.tsx(86,77): error TS1109: Expression expected.
src/app/blog/sushi-platters-near-me/page.tsx(86,82): error TS1005: ',' expected.
src/app/blog/sushi-platters-near-me/page.tsx(86,92): error TS1005: ',' expected.
src/app/blog/sushi-platters-near-me/page.tsx(86,93): error TS1137: Expression or comma expected.
src/app/blog/sushi-platters-near-me/page.tsx(86,95): error TS1109: Expression expected.
src/app/blog/sushi-platters-near-me/page.tsx(86,100): error TS1005: ',' expected.
src/app/blog/sushi-platters-near-me/page.tsx(86,110): error TS1005: ',' expected.
src/app/blog/sushi-platters-near-me/page.tsx(86,113): error TS1109: Expression expected.
src/app/blog/sushi-platters-near-me/page.tsx(86,118): error TS1005: ',' expected.
src/app/blog/sushi-platters-near-me/page.tsx(86,128): error TS1005: ',' expected.
src/app/blog/sushi-platters-near-me/page.tsx(86,129): error TS1137: Expression or comma expected.
src/app/blog/sushi-platters-near-me/page.tsx(86,131): error TS1109: Expression expected.
src/app/blog/sushi-platters-near-me/page.tsx(86,136): error TS1005: ',' expected.
src/app/blog/sushi-platters-near-me/page.tsx(86,142): error TS1005: ',' expected.
src/app/blog/sushi-platters-near-me/page.tsx(87,11): error TS1136: Property assignment expected.
src/app/blog/sushi-platters-near-me/page.tsx(87,16): error TS1005: ',' expected.
src/app/blog/sushi-platters-near-me/page.tsx(87,22): error TS1109: Expression expected.
src/app/blog/sushi-platters-near-me/page.tsx(87,27): error TS1005: ',' expected.
src/app/blog/sushi-platters-near-me/page.tsx(87,28): error TS1137: Expression or comma expected.
src/app/blog/sushi-platters-near-me/page.tsx(87,30): error TS1109: Expression expected.
src/app/blog/sushi-platters-near-me/page.tsx(87,35): error TS1005: ',' expected.
src/app/blog/sushi-platters-near-me/page.tsx(87,49): error TS1005: ',' expected.
src/app/blog/sushi-platters-near-me/page.tsx(87,52): error TS1109: Expression expected.
src/app/blog/sushi-platters-near-me/page.tsx(87,57): error TS1005: ',' expected.
src/app/blog/sushi-platters-near-me/page.tsx(87,71): error TS1005: ',' expected.
src/app/blog/sushi-platters-near-me/page.tsx(87,72): error TS1137: Expression or comma expected.
src/app/blog/sushi-platters-near-me/page.tsx(87,77): error TS1109: Expression expected.
src/app/blog/sushi-platters-near-me/page.tsx(87,82): error TS1005: ',' expected.
src/app/blog/sushi-platters-near-me/page.tsx(87,92): error TS1005: ',' expected.
src/app/blog/sushi-platters-near-me/page.tsx(87,93): error TS1137: Expression or comma expected.
src/app/blog/sushi-platters-near-me/page.tsx(87,95): error TS1109: Expression expected.
src/app/blog/sushi-platters-near-me/page.tsx(87,100): error TS1005: ',' expected.
src/app/blog/sushi-platters-near-me/page.tsx(87,107): error TS1005: ',' expected.
src/app/blog/sushi-platters-near-me/page.tsx(87,116): error TS1005: ',' expected.
src/app/blog/sushi-platters-near-me/page.tsx(87,121): error TS1005: ',' expected.
src/app/blog/sushi-platters-near-me/page.tsx(87,123): error TS1005: ',' expected.
src/app/blog/sushi-platters-near-me/page.tsx(87,131): error TS1005: ',' expected.
src/app/blog/sushi-platters-near-me/page.tsx(87,159): error TS1005: ',' expected.
src/app/blog/sushi-platters-near-me/page.tsx(87,161): error TS1137: Expression or comma expected.
src/app/blog/sushi-platters-near-me/page.tsx(89,1): error TS1109: Expression expected.
src/app/blog/things-to-do-frisco/page.tsx(66,9): error TS1136: Property assignment expected.
src/app/blog/things-to-do-frisco/page.tsx(66,14): error TS1005: ')' expected.
src/app/blog/things-to-do-frisco/page.tsx(66,15): error TS1136: Property assignment expected.
src/app/blog/things-to-do-frisco/page.tsx(66,20): error TS1146: Declaration expected.
src/app/blog/things-to-do-frisco/page.tsx(66,26): error TS1128: Declaration or statement expected.
src/app/blog/things-to-do-frisco/page.tsx(66,28): error TS1109: Expression expected.
src/app/blog/things-to-do-frisco/page.tsx(66,48): error TS1128: Declaration or statement expected.
src/app/blog/things-to-do-frisco/page.tsx(68,23): error TS1005: ';' expected.
src/app/blog/things-to-do-frisco/page.tsx(69,13): error TS1109: Expression expected.
src/app/blog/things-to-do-frisco/page.tsx(69,24): error TS1146: Declaration expected.
src/app/blog/things-to-do-frisco/page.tsx(69,30): error TS1128: Declaration or statement expected.
src/app/blog/things-to-do-frisco/page.tsx(69,32): error TS1109: Expression expected.
src/app/blog/things-to-do-frisco/page.tsx(69,50): error TS1128: Declaration or statement expected.
src/app/blog/things-to-do-frisco/page.tsx(71,9): error TS1109: Expression expected.
src/app/blog/things-to-do-frisco/page.tsx(71,10): error TS1128: Declaration or statement expected.
src/app/blog/things-to-do-frisco/page.tsx(72,5): error TS1128: Declaration or statement expected.
src/app/blog/things-to-do-frisco/page.tsx(72,6): error TS1128: Declaration or statement expected.
src/app/blog/things-to-do-frisco/page.tsx(72,7): error TS1128: Declaration or statement expected.
src/app/blog/things-to-do-frisco/page.tsx(72,8): error TS1128: Declaration or statement expected.
src/app/blog/things-to-do-frisco/page.tsx(73,1): error TS1128: Declaration or statement expected.
src/app/blog/things-to-do-frisco/page.tsx(77,5): error TS1136: Property assignment expected.
src/app/blog/things-to-do-frisco/page.tsx(77,19): error TS1146: Declaration expected.
src/app/blog/things-to-do-frisco/page.tsx(77,25): error TS1128: Declaration or statement expected.
src/app/blog/things-to-do-frisco/page.tsx(77,27): error TS1109: Expression expected.
src/app/blog/things-to-do-frisco/page.tsx(78,5): error TS1109: Expression expected.
src/app/blog/things-to-do-frisco/page.tsx(78,16): error TS1146: Declaration expected.
src/app/blog/things-to-do-frisco/page.tsx(78,22): error TS1128: Declaration or statement expected.
src/app/blog/things-to-do-frisco/page.tsx(78,24): error TS1109: Expression expected.
src/app/blog/things-to-do-frisco/page.tsx(78,50): error TS1128: Declaration or statement expected.
src/app/blog/things-to-do-frisco/page.tsx(79,5): error TS1109: Expression expected.
src/app/blog/things-to-do-frisco/page.tsx(79,32): error TS1128: Declaration or statement expected.
src/app/blog/things-to-do-frisco/page.tsx(80,11): error TS1136: Property assignment expected.
src/app/blog/things-to-do-frisco/page.tsx(80,16): error TS1005: ',' expected.
src/app/blog/things-to-do-frisco/page.tsx(80,22): error TS1109: Expression expected.
src/app/blog/things-to-do-frisco/page.tsx(80,27): error TS1005: ',' expected.
src/app/blog/things-to-do-frisco/page.tsx(80,28): error TS1137: Expression or comma expected.
src/app/blog/things-to-do-frisco/page.tsx(80,30): error TS1109: Expression expected.
src/app/blog/things-to-do-frisco/page.tsx(80,35): error TS1005: ',' expected.
src/app/blog/things-to-do-frisco/page.tsx(80,49): error TS1005: ',' expected.
src/app/blog/things-to-do-frisco/page.tsx(80,52): error TS1109: Expression expected.
src/app/blog/things-to-do-frisco/page.tsx(80,57): error TS1005: ',' expected.
src/app/blog/things-to-do-frisco/page.tsx(80,71): error TS1005: ',' expected.
src/app/blog/things-to-do-frisco/page.tsx(80,72): error TS1137: Expression or comma expected.
src/app/blog/things-to-do-frisco/page.tsx(80,77): error TS1109: Expression expected.
src/app/blog/things-to-do-frisco/page.tsx(80,82): error TS1005: ',' expected.
src/app/blog/things-to-do-frisco/page.tsx(80,92): error TS1005: ',' expected.
src/app/blog/things-to-do-frisco/page.tsx(80,93): error TS1137: Expression or comma expected.
src/app/blog/things-to-do-frisco/page.tsx(80,95): error TS1109: Expression expected.
src/app/blog/things-to-do-frisco/page.tsx(80,100): error TS1005: ',' expected.
src/app/blog/things-to-do-frisco/page.tsx(80,110): error TS1005: ',' expected.
src/app/blog/things-to-do-frisco/page.tsx(80,113): error TS1109: Expression expected.
src/app/blog/things-to-do-frisco/page.tsx(80,118): error TS1005: ',' expected.
src/app/blog/things-to-do-frisco/page.tsx(80,128): error TS1005: ',' expected.
src/app/blog/things-to-do-frisco/page.tsx(80,129): error TS1137: Expression or comma expected.
src/app/blog/things-to-do-frisco/page.tsx(80,131): error TS1109: Expression expected.
src/app/blog/things-to-do-frisco/page.tsx(80,136): error TS1005: ',' expected.
src/app/blog/things-to-do-frisco/page.tsx(80,142): error TS1005: ',' expected.
src/app/blog/things-to-do-frisco/page.tsx(81,11): error TS1136: Property assignment expected.
src/app/blog/things-to-do-frisco/page.tsx(81,16): error TS1005: ',' expected.
src/app/blog/things-to-do-frisco/page.tsx(81,22): error TS1109: Expression expected.
src/app/blog/things-to-do-frisco/page.tsx(81,27): error TS1005: ',' expected.
src/app/blog/things-to-do-frisco/page.tsx(81,28): error TS1137: Expression or comma expected.
src/app/blog/things-to-do-frisco/page.tsx(81,30): error TS1109: Expression expected.
src/app/blog/things-to-do-frisco/page.tsx(81,35): error TS1005: ',' expected.
src/app/blog/things-to-do-frisco/page.tsx(81,49): error TS1005: ',' expected.
src/app/blog/things-to-do-frisco/page.tsx(81,52): error TS1109: Expression expected.
src/app/blog/things-to-do-frisco/page.tsx(81,57): error TS1005: ',' expected.
src/app/blog/things-to-do-frisco/page.tsx(81,71): error TS1005: ',' expected.
src/app/blog/things-to-do-frisco/page.tsx(81,72): error TS1137: Expression or comma expected.
src/app/blog/things-to-do-frisco/page.tsx(81,77): error TS1109: Expression expected.
src/app/blog/things-to-do-frisco/page.tsx(81,82): error TS1005: ',' expected.
src/app/blog/things-to-do-frisco/page.tsx(81,92): error TS1005: ',' expected.
src/app/blog/things-to-do-frisco/page.tsx(81,93): error TS1137: Expression or comma expected.
src/app/blog/things-to-do-frisco/page.tsx(81,95): error TS1109: Expression expected.
src/app/blog/things-to-do-frisco/page.tsx(81,100): error TS1005: ',' expected.
src/app/blog/things-to-do-frisco/page.tsx(81,110): error TS1005: ',' expected.
src/app/blog/things-to-do-frisco/page.tsx(81,113): error TS1109: Expression expected.
src/app/blog/things-to-do-frisco/page.tsx(81,118): error TS1005: ',' expected.
src/app/blog/things-to-do-frisco/page.tsx(81,128): error TS1005: ',' expected.
src/app/blog/things-to-do-frisco/page.tsx(81,129): error TS1137: Expression or comma expected.
src/app/blog/things-to-do-frisco/page.tsx(81,131): error TS1109: Expression expected.
src/app/blog/things-to-do-frisco/page.tsx(81,136): error TS1005: ',' expected.
src/app/blog/things-to-do-frisco/page.tsx(81,142): error TS1005: ',' expected.
src/app/blog/things-to-do-frisco/page.tsx(82,11): error TS1136: Property assignment expected.
src/app/blog/things-to-do-frisco/page.tsx(82,16): error TS1005: ',' expected.
src/app/blog/things-to-do-frisco/page.tsx(82,22): error TS1109: Expression expected.
src/app/blog/things-to-do-frisco/page.tsx(82,27): error TS1005: ',' expected.
src/app/blog/things-to-do-frisco/page.tsx(82,28): error TS1137: Expression or comma expected.
src/app/blog/things-to-do-frisco/page.tsx(82,30): error TS1109: Expression expected.
src/app/blog/things-to-do-frisco/page.tsx(82,35): error TS1005: ',' expected.
src/app/blog/things-to-do-frisco/page.tsx(82,49): error TS1005: ',' expected.
src/app/blog/things-to-do-frisco/page.tsx(82,52): error TS1109: Expression expected.
src/app/blog/things-to-do-frisco/page.tsx(82,57): error TS1005: ',' expected.
src/app/blog/things-to-do-frisco/page.tsx(82,71): error TS1005: ',' expected.
src/app/blog/things-to-do-frisco/page.tsx(82,72): error TS1137: Expression or comma expected.
src/app/blog/things-to-do-frisco/page.tsx(82,77): error TS1109: Expression expected.
src/app/blog/things-to-do-frisco/page.tsx(82,82): error TS1005: ',' expected.
src/app/blog/things-to-do-frisco/page.tsx(82,92): error TS1005: ',' expected.
src/app/blog/things-to-do-frisco/page.tsx(82,93): error TS1137: Expression or comma expected.
src/app/blog/things-to-do-frisco/page.tsx(82,95): error TS1109: Expression expected.
src/app/blog/things-to-do-frisco/page.tsx(82,100): error TS1005: ',' expected.
src/app/blog/things-to-do-frisco/page.tsx(82,108): error TS1005: ',' expected.
src/app/blog/things-to-do-frisco/page.tsx(82,115): error TS1005: ',' expected.
src/app/blog/things-to-do-frisco/page.tsx(82,125): error TS1005: ',' expected.
src/app/blog/things-to-do-frisco/page.tsx(82,128): error TS1109: Expression expected.
src/app/blog/things-to-do-frisco/page.tsx(82,133): error TS1005: ',' expected.
src/app/blog/things-to-do-frisco/page.tsx(82,143): error TS1005: ',' expected.
src/app/blog/things-to-do-frisco/page.tsx(82,144): error TS1137: Expression or comma expected.
src/app/blog/things-to-do-frisco/page.tsx(82,146): error TS1109: Expression expected.
src/app/blog/things-to-do-frisco/page.tsx(82,151): error TS1005: ',' expected.
src/app/blog/things-to-do-frisco/page.tsx(82,157): error TS1005: ',' expected.
src/app/blog/things-to-do-frisco/page.tsx(83,11): error TS1136: Property assignment expected.
src/app/blog/things-to-do-frisco/page.tsx(83,16): error TS1005: ',' expected.
src/app/blog/things-to-do-frisco/page.tsx(83,22): error TS1109: Expression expected.
src/app/blog/things-to-do-frisco/page.tsx(83,27): error TS1005: ',' expected.
src/app/blog/things-to-do-frisco/page.tsx(83,28): error TS1137: Expression or comma expected.
src/app/blog/things-to-do-frisco/page.tsx(83,30): error TS1109: Expression expected.
src/app/blog/things-to-do-frisco/page.tsx(83,35): error TS1005: ',' expected.
src/app/blog/things-to-do-frisco/page.tsx(83,49): error TS1005: ',' expected.
src/app/blog/things-to-do-frisco/page.tsx(83,52): error TS1109: Expression expected.
src/app/blog/things-to-do-frisco/page.tsx(83,57): error TS1005: ',' expected.
src/app/blog/things-to-do-frisco/page.tsx(83,71): error TS1005: ',' expected.
src/app/blog/things-to-do-frisco/page.tsx(83,72): error TS1137: Expression or comma expected.
src/app/blog/things-to-do-frisco/page.tsx(83,77): error TS1109: Expression expected.
src/app/blog/things-to-do-frisco/page.tsx(83,82): error TS1005: ',' expected.
src/app/blog/things-to-do-frisco/page.tsx(83,92): error TS1005: ',' expected.
src/app/blog/things-to-do-frisco/page.tsx(83,93): error TS1137: Expression or comma expected.
src/app/blog/things-to-do-frisco/page.tsx(83,95): error TS1109: Expression expected.
src/app/blog/things-to-do-frisco/page.tsx(83,100): error TS1005: ',' expected.
src/app/blog/things-to-do-frisco/page.tsx(83,108): error TS1005: ',' expected.
src/app/blog/things-to-do-frisco/page.tsx(83,111): error TS1005: ',' expected.
src/app/blog/things-to-do-frisco/page.tsx(83,124): error TS1005: ',' expected.
src/app/blog/things-to-do-frisco/page.tsx(83,126): error TS1005: ',' expected.
src/app/blog/things-to-do-frisco/page.tsx(83,133): error TS1005: ',' expected.
src/app/blog/things-to-do-frisco/page.tsx(83,142): error TS1005: ',' expected.
src/app/blog/things-to-do-frisco/page.tsx(83,152): error TS1005: ',' expected.
src/app/blog/things-to-do-frisco/page.tsx(83,154): error TS1137: Expression or comma expected.
src/app/blog/things-to-do-frisco/page.tsx(85,1): error TS1109: Expression expected.
src/app/blog/types-of-sushi/page.tsx(86,9): error TS1136: Property assignment expected.
src/app/blog/types-of-sushi/page.tsx(86,14): error TS1005: ')' expected.
src/app/blog/types-of-sushi/page.tsx(86,15): error TS1136: Property assignment expected.
src/app/blog/types-of-sushi/page.tsx(86,20): error TS1146: Declaration expected.
src/app/blog/types-of-sushi/page.tsx(86,26): error TS1128: Declaration or statement expected.
src/app/blog/types-of-sushi/page.tsx(86,28): error TS1109: Expression expected.
src/app/blog/types-of-sushi/page.tsx(86,48): error TS1128: Declaration or statement expected.
src/app/blog/types-of-sushi/page.tsx(88,23): error TS1005: ';' expected.
src/app/blog/types-of-sushi/page.tsx(89,13): error TS1109: Expression expected.
src/app/blog/types-of-sushi/page.tsx(89,24): error TS1146: Declaration expected.
src/app/blog/types-of-sushi/page.tsx(89,30): error TS1128: Declaration or statement expected.
src/app/blog/types-of-sushi/page.tsx(89,32): error TS1109: Expression expected.
src/app/blog/types-of-sushi/page.tsx(89,50): error TS1128: Declaration or statement expected.
src/app/blog/types-of-sushi/page.tsx(91,9): error TS1109: Expression expected.
src/app/blog/types-of-sushi/page.tsx(91,10): error TS1128: Declaration or statement expected.
src/app/blog/types-of-sushi/page.tsx(92,5): error TS1128: Declaration or statement expected.
src/app/blog/types-of-sushi/page.tsx(92,6): error TS1128: Declaration or statement expected.
src/app/blog/types-of-sushi/page.tsx(92,7): error TS1128: Declaration or statement expected.
src/app/blog/types-of-sushi/page.tsx(92,8): error TS1128: Declaration or statement expected.
src/app/blog/types-of-sushi/page.tsx(93,1): error TS1128: Declaration or statement expected.
src/app/blog/types-of-sushi/page.tsx(97,5): error TS1136: Property assignment expected.
src/app/blog/types-of-sushi/page.tsx(97,19): error TS1146: Declaration expected.
src/app/blog/types-of-sushi/page.tsx(97,25): error TS1128: Declaration or statement expected.
src/app/blog/types-of-sushi/page.tsx(97,27): error TS1109: Expression expected.
src/app/blog/types-of-sushi/page.tsx(98,5): error TS1109: Expression expected.
src/app/blog/types-of-sushi/page.tsx(98,16): error TS1146: Declaration expected.
src/app/blog/types-of-sushi/page.tsx(98,22): error TS1128: Declaration or statement expected.
src/app/blog/types-of-sushi/page.tsx(98,24): error TS1109: Expression expected.
src/app/blog/types-of-sushi/page.tsx(98,50): error TS1128: Declaration or statement expected.
src/app/blog/types-of-sushi/page.tsx(99,5): error TS1109: Expression expected.
src/app/blog/types-of-sushi/page.tsx(99,32): error TS1128: Declaration or statement expected.
src/app/blog/types-of-sushi/page.tsx(100,11): error TS1136: Property assignment expected.
src/app/blog/types-of-sushi/page.tsx(100,16): error TS1005: ',' expected.
src/app/blog/types-of-sushi/page.tsx(100,22): error TS1109: Expression expected.
src/app/blog/types-of-sushi/page.tsx(100,27): error TS1005: ',' expected.
src/app/blog/types-of-sushi/page.tsx(100,28): error TS1137: Expression or comma expected.
src/app/blog/types-of-sushi/page.tsx(100,30): error TS1109: Expression expected.
src/app/blog/types-of-sushi/page.tsx(100,35): error TS1005: ',' expected.
src/app/blog/types-of-sushi/page.tsx(100,49): error TS1005: ',' expected.
src/app/blog/types-of-sushi/page.tsx(100,52): error TS1109: Expression expected.
src/app/blog/types-of-sushi/page.tsx(100,57): error TS1005: ',' expected.
src/app/blog/types-of-sushi/page.tsx(100,71): error TS1005: ',' expected.
src/app/blog/types-of-sushi/page.tsx(100,72): error TS1137: Expression or comma expected.
src/app/blog/types-of-sushi/page.tsx(100,77): error TS1109: Expression expected.
src/app/blog/types-of-sushi/page.tsx(100,82): error TS1005: ',' expected.
src/app/blog/types-of-sushi/page.tsx(100,92): error TS1005: ',' expected.
src/app/blog/types-of-sushi/page.tsx(100,93): error TS1137: Expression or comma expected.
src/app/blog/types-of-sushi/page.tsx(100,95): error TS1109: Expression expected.
src/app/blog/types-of-sushi/page.tsx(100,100): error TS1005: ',' expected.
src/app/blog/types-of-sushi/page.tsx(100,110): error TS1005: ',' expected.
src/app/blog/types-of-sushi/page.tsx(100,113): error TS1109: Expression expected.
src/app/blog/types-of-sushi/page.tsx(100,118): error TS1005: ',' expected.
src/app/blog/types-of-sushi/page.tsx(100,128): error TS1005: ',' expected.
src/app/blog/types-of-sushi/page.tsx(100,129): error TS1137: Expression or comma expected.
src/app/blog/types-of-sushi/page.tsx(100,131): error TS1109: Expression expected.
src/app/blog/types-of-sushi/page.tsx(100,136): error TS1005: ',' expected.
src/app/blog/types-of-sushi/page.tsx(100,142): error TS1005: ',' expected.
src/app/blog/types-of-sushi/page.tsx(101,11): error TS1136: Property assignment expected.
src/app/blog/types-of-sushi/page.tsx(101,16): error TS1005: ',' expected.
src/app/blog/types-of-sushi/page.tsx(101,22): error TS1109: Expression expected.
src/app/blog/types-of-sushi/page.tsx(101,27): error TS1005: ',' expected.
src/app/blog/types-of-sushi/page.tsx(101,28): error TS1137: Expression or comma expected.
src/app/blog/types-of-sushi/page.tsx(101,30): error TS1109: Expression expected.
src/app/blog/types-of-sushi/page.tsx(101,35): error TS1005: ',' expected.
src/app/blog/types-of-sushi/page.tsx(101,49): error TS1005: ',' expected.
src/app/blog/types-of-sushi/page.tsx(101,52): error TS1109: Expression expected.
src/app/blog/types-of-sushi/page.tsx(101,57): error TS1005: ',' expected.
src/app/blog/types-of-sushi/page.tsx(101,71): error TS1005: ',' expected.
src/app/blog/types-of-sushi/page.tsx(101,72): error TS1137: Expression or comma expected.
src/app/blog/types-of-sushi/page.tsx(101,77): error TS1109: Expression expected.
src/app/blog/types-of-sushi/page.tsx(101,82): error TS1005: ',' expected.
src/app/blog/types-of-sushi/page.tsx(101,92): error TS1005: ',' expected.
src/app/blog/types-of-sushi/page.tsx(101,93): error TS1137: Expression or comma expected.
src/app/blog/types-of-sushi/page.tsx(101,95): error TS1109: Expression expected.
src/app/blog/types-of-sushi/page.tsx(101,100): error TS1005: ',' expected.
src/app/blog/types-of-sushi/page.tsx(101,110): error TS1005: ',' expected.
src/app/blog/types-of-sushi/page.tsx(101,113): error TS1109: Expression expected.
src/app/blog/types-of-sushi/page.tsx(101,118): error TS1005: ',' expected.
src/app/blog/types-of-sushi/page.tsx(101,128): error TS1005: ',' expected.
src/app/blog/types-of-sushi/page.tsx(101,129): error TS1137: Expression or comma expected.
src/app/blog/types-of-sushi/page.tsx(101,131): error TS1109: Expression expected.
src/app/blog/types-of-sushi/page.tsx(101,136): error TS1005: ',' expected.
src/app/blog/types-of-sushi/page.tsx(101,142): error TS1005: ',' expected.
src/app/blog/types-of-sushi/page.tsx(102,11): error TS1136: Property assignment expected.
src/app/blog/types-of-sushi/page.tsx(102,16): error TS1005: ',' expected.
src/app/blog/types-of-sushi/page.tsx(102,22): error TS1109: Expression expected.
src/app/blog/types-of-sushi/page.tsx(102,27): error TS1005: ',' expected.
src/app/blog/types-of-sushi/page.tsx(102,28): error TS1137: Expression or comma expected.
src/app/blog/types-of-sushi/page.tsx(102,30): error TS1109: Expression expected.
src/app/blog/types-of-sushi/page.tsx(102,35): error TS1005: ',' expected.
src/app/blog/types-of-sushi/page.tsx(102,49): error TS1005: ',' expected.
src/app/blog/types-of-sushi/page.tsx(102,52): error TS1109: Expression expected.
src/app/blog/types-of-sushi/page.tsx(102,57): error TS1005: ',' expected.
src/app/blog/types-of-sushi/page.tsx(102,71): error TS1005: ',' expected.
src/app/blog/types-of-sushi/page.tsx(102,72): error TS1137: Expression or comma expected.
src/app/blog/types-of-sushi/page.tsx(102,77): error TS1109: Expression expected.
src/app/blog/types-of-sushi/page.tsx(102,82): error TS1005: ',' expected.
src/app/blog/types-of-sushi/page.tsx(102,92): error TS1005: ',' expected.
src/app/blog/types-of-sushi/page.tsx(102,93): error TS1137: Expression or comma expected.
src/app/blog/types-of-sushi/page.tsx(102,95): error TS1109: Expression expected.
src/app/blog/types-of-sushi/page.tsx(102,100): error TS1005: ',' expected.
src/app/blog/types-of-sushi/page.tsx(102,108): error TS1005: ',' expected.
src/app/blog/types-of-sushi/page.tsx(102,114): error TS1005: ',' expected.
src/app/blog/types-of-sushi/page.tsx(102,123): error TS1005: ',' expected.
src/app/blog/types-of-sushi/page.tsx(102,126): error TS1109: Expression expected.
src/app/blog/types-of-sushi/page.tsx(102,131): error TS1005: ',' expected.
src/app/blog/types-of-sushi/page.tsx(102,141): error TS1005: ',' expected.
src/app/blog/types-of-sushi/page.tsx(102,142): error TS1137: Expression or comma expected.
src/app/blog/types-of-sushi/page.tsx(102,144): error TS1109: Expression expected.
src/app/blog/types-of-sushi/page.tsx(102,149): error TS1005: ',' expected.
src/app/blog/types-of-sushi/page.tsx(102,155): error TS1005: ',' expected.
src/app/blog/types-of-sushi/page.tsx(103,11): error TS1136: Property assignment expected.
src/app/blog/types-of-sushi/page.tsx(103,16): error TS1005: ',' expected.
src/app/blog/types-of-sushi/page.tsx(103,22): error TS1109: Expression expected.
src/app/blog/types-of-sushi/page.tsx(103,27): error TS1005: ',' expected.
src/app/blog/types-of-sushi/page.tsx(103,28): error TS1137: Expression or comma expected.
src/app/blog/types-of-sushi/page.tsx(103,30): error TS1109: Expression expected.
src/app/blog/types-of-sushi/page.tsx(103,35): error TS1005: ',' expected.
src/app/blog/types-of-sushi/page.tsx(103,49): error TS1005: ',' expected.
src/app/blog/types-of-sushi/page.tsx(103,52): error TS1109: Expression expected.
src/app/blog/types-of-sushi/page.tsx(103,57): error TS1005: ',' expected.
src/app/blog/types-of-sushi/page.tsx(103,71): error TS1005: ',' expected.
src/app/blog/types-of-sushi/page.tsx(103,72): error TS1137: Expression or comma expected.
src/app/blog/types-of-sushi/page.tsx(103,77): error TS1109: Expression expected.
src/app/blog/types-of-sushi/page.tsx(103,82): error TS1005: ',' expected.
src/app/blog/types-of-sushi/page.tsx(103,92): error TS1005: ',' expected.
src/app/blog/types-of-sushi/page.tsx(103,93): error TS1137: Expression or comma expected.
src/app/blog/types-of-sushi/page.tsx(103,95): error TS1109: Expression expected.
src/app/blog/types-of-sushi/page.tsx(103,100): error TS1005: ',' expected.
src/app/blog/types-of-sushi/page.tsx(103,107): error TS1005: ',' expected.
src/app/blog/types-of-sushi/page.tsx(103,110): error TS1005: ',' expected.
src/app/blog/types-of-sushi/page.tsx(103,115): error TS1005: ',' expected.
src/app/blog/types-of-sushi/page.tsx(103,126): error TS1005: ',' expected.
src/app/blog/types-of-sushi/page.tsx(103,132): error TS1005: ',' expected.
src/app/blog/types-of-sushi/page.tsx(103,135): error TS1005: ',' expected.
src/app/blog/types-of-sushi/page.tsx(103,157): error TS1005: ',' expected.
src/app/blog/types-of-sushi/page.tsx(103,159): error TS1137: Expression or comma expected.
src/app/blog/types-of-sushi/page.tsx(105,1): error TS1109: Expression expected.
src/app/blog/unique-kids-birthday-party-places/page.tsx(35,13): error TS1136: Property assignment expected.
src/app/blog/unique-kids-birthday-party-places/page.tsx(35,18): error TS1005: ')' expected.
src/app/blog/unique-kids-birthday-party-places/page.tsx(35,19): error TS1136: Property assignment expected.
src/app/blog/unique-kids-birthday-party-places/page.tsx(35,24): error TS1109: Expression expected.
src/app/blog/unique-kids-birthday-party-places/page.tsx(35,29): error TS1005: ',' expected.
src/app/blog/unique-kids-birthday-party-places/page.tsx(35,30): error TS1128: Declaration or statement expected.
src/app/blog/unique-kids-birthday-party-places/page.tsx(35,32): error TS1109: Expression expected.
src/app/blog/unique-kids-birthday-party-places/page.tsx(35,52): error TS1128: Declaration or statement expected.
src/app/blog/unique-kids-birthday-party-places/page.tsx(35,88): error TS1005: ';' expected.
src/app/blog/unique-kids-birthday-party-places/page.tsx(35,92): error TS1109: Expression expected.
src/app/blog/unique-kids-birthday-party-places/page.tsx(35,103): error TS1146: Declaration expected.
src/app/blog/unique-kids-birthday-party-places/page.tsx(35,109): error TS1128: Declaration or statement expected.
src/app/blog/unique-kids-birthday-party-places/page.tsx(35,111): error TS1109: Expression expected.
src/app/blog/unique-kids-birthday-party-places/page.tsx(35,129): error TS1128: Declaration or statement expected.
src/app/blog/unique-kids-birthday-party-places/page.tsx(36,9): error TS1128: Declaration or statement expected.
src/app/blog/unique-kids-birthday-party-places/page.tsx(36,10): error TS1128: Declaration or statement expected.
src/app/blog/unique-kids-birthday-party-places/page.tsx(36,11): error TS1128: Declaration or statement expected.
src/app/blog/unique-kids-birthday-party-places/page.tsx(37,5): error TS1128: Declaration or statement expected.
src/app/blog/unique-kids-birthday-party-places/page.tsx(38,1): error TS1128: Declaration or statement expected.
src/app/blog/unique-kids-birthday-party-places/page.tsx(42,5): error TS1136: Property assignment expected.
src/app/blog/unique-kids-birthday-party-places/page.tsx(42,19): error TS1146: Declaration expected.
src/app/blog/unique-kids-birthday-party-places/page.tsx(42,25): error TS1128: Declaration or statement expected.
src/app/blog/unique-kids-birthday-party-places/page.tsx(42,27): error TS1109: Expression expected.
src/app/blog/unique-kids-birthday-party-places/page.tsx(43,5): error TS1109: Expression expected.
src/app/blog/unique-kids-birthday-party-places/page.tsx(43,16): error TS1146: Declaration expected.
src/app/blog/unique-kids-birthday-party-places/page.tsx(43,22): error TS1128: Declaration or statement expected.
src/app/blog/unique-kids-birthday-party-places/page.tsx(43,24): error TS1109: Expression expected.
src/app/blog/unique-kids-birthday-party-places/page.tsx(43,50): error TS1128: Declaration or statement expected.
src/app/blog/unique-kids-birthday-party-places/page.tsx(44,5): error TS1109: Expression expected.
src/app/blog/unique-kids-birthday-party-places/page.tsx(44,32): error TS1128: Declaration or statement expected.
src/app/blog/unique-kids-birthday-party-places/page.tsx(45,11): error TS1136: Property assignment expected.
src/app/blog/unique-kids-birthday-party-places/page.tsx(45,16): error TS1005: ',' expected.
src/app/blog/unique-kids-birthday-party-places/page.tsx(45,22): error TS1109: Expression expected.
src/app/blog/unique-kids-birthday-party-places/page.tsx(45,27): error TS1005: ',' expected.
src/app/blog/unique-kids-birthday-party-places/page.tsx(45,28): error TS1137: Expression or comma expected.
src/app/blog/unique-kids-birthday-party-places/page.tsx(45,30): error TS1109: Expression expected.
src/app/blog/unique-kids-birthday-party-places/page.tsx(45,35): error TS1005: ',' expected.
src/app/blog/unique-kids-birthday-party-places/page.tsx(45,49): error TS1005: ',' expected.
src/app/blog/unique-kids-birthday-party-places/page.tsx(45,52): error TS1109: Expression expected.
src/app/blog/unique-kids-birthday-party-places/page.tsx(45,57): error TS1005: ',' expected.
src/app/blog/unique-kids-birthday-party-places/page.tsx(45,71): error TS1005: ',' expected.
src/app/blog/unique-kids-birthday-party-places/page.tsx(45,72): error TS1137: Expression or comma expected.
src/app/blog/unique-kids-birthday-party-places/page.tsx(45,77): error TS1109: Expression expected.
src/app/blog/unique-kids-birthday-party-places/page.tsx(45,82): error TS1005: ',' expected.
src/app/blog/unique-kids-birthday-party-places/page.tsx(45,92): error TS1005: ',' expected.
src/app/blog/unique-kids-birthday-party-places/page.tsx(45,93): error TS1137: Expression or comma expected.
src/app/blog/unique-kids-birthday-party-places/page.tsx(45,95): error TS1109: Expression expected.
src/app/blog/unique-kids-birthday-party-places/page.tsx(45,100): error TS1005: ',' expected.
src/app/blog/unique-kids-birthday-party-places/page.tsx(45,110): error TS1005: ',' expected.
src/app/blog/unique-kids-birthday-party-places/page.tsx(45,113): error TS1109: Expression expected.
src/app/blog/unique-kids-birthday-party-places/page.tsx(45,118): error TS1005: ',' expected.
src/app/blog/unique-kids-birthday-party-places/page.tsx(45,128): error TS1005: ',' expected.
src/app/blog/unique-kids-birthday-party-places/page.tsx(45,129): error TS1137: Expression or comma expected.
src/app/blog/unique-kids-birthday-party-places/page.tsx(45,131): error TS1109: Expression expected.
src/app/blog/unique-kids-birthday-party-places/page.tsx(45,136): error TS1005: ',' expected.
src/app/blog/unique-kids-birthday-party-places/page.tsx(45,142): error TS1005: ',' expected.
src/app/blog/unique-kids-birthday-party-places/page.tsx(46,11): error TS1136: Property assignment expected.
src/app/blog/unique-kids-birthday-party-places/page.tsx(46,16): error TS1005: ',' expected.
src/app/blog/unique-kids-birthday-party-places/page.tsx(46,22): error TS1109: Expression expected.
src/app/blog/unique-kids-birthday-party-places/page.tsx(46,27): error TS1005: ',' expected.
src/app/blog/unique-kids-birthday-party-places/page.tsx(46,28): error TS1137: Expression or comma expected.
src/app/blog/unique-kids-birthday-party-places/page.tsx(46,30): error TS1109: Expression expected.
src/app/blog/unique-kids-birthday-party-places/page.tsx(46,35): error TS1005: ',' expected.
src/app/blog/unique-kids-birthday-party-places/page.tsx(46,49): error TS1005: ',' expected.
src/app/blog/unique-kids-birthday-party-places/page.tsx(46,52): error TS1109: Expression expected.
src/app/blog/unique-kids-birthday-party-places/page.tsx(46,57): error TS1005: ',' expected.
src/app/blog/unique-kids-birthday-party-places/page.tsx(46,71): error TS1005: ',' expected.
src/app/blog/unique-kids-birthday-party-places/page.tsx(46,72): error TS1137: Expression or comma expected.
src/app/blog/unique-kids-birthday-party-places/page.tsx(46,77): error TS1109: Expression expected.
src/app/blog/unique-kids-birthday-party-places/page.tsx(46,82): error TS1005: ',' expected.
src/app/blog/unique-kids-birthday-party-places/page.tsx(46,92): error TS1005: ',' expected.
src/app/blog/unique-kids-birthday-party-places/page.tsx(46,93): error TS1137: Expression or comma expected.
src/app/blog/unique-kids-birthday-party-places/page.tsx(46,95): error TS1109: Expression expected.
src/app/blog/unique-kids-birthday-party-places/page.tsx(46,100): error TS1005: ',' expected.
src/app/blog/unique-kids-birthday-party-places/page.tsx(46,110): error TS1005: ',' expected.
src/app/blog/unique-kids-birthday-party-places/page.tsx(46,113): error TS1109: Expression expected.
src/app/blog/unique-kids-birthday-party-places/page.tsx(46,118): error TS1005: ',' expected.
src/app/blog/unique-kids-birthday-party-places/page.tsx(46,128): error TS1005: ',' expected.
src/app/blog/unique-kids-birthday-party-places/page.tsx(46,129): error TS1137: Expression or comma expected.
src/app/blog/unique-kids-birthday-party-places/page.tsx(46,131): error TS1109: Expression expected.
src/app/blog/unique-kids-birthday-party-places/page.tsx(46,136): error TS1005: ',' expected.
src/app/blog/unique-kids-birthday-party-places/page.tsx(46,142): error TS1005: ',' expected.
src/app/blog/unique-kids-birthday-party-places/page.tsx(47,11): error TS1136: Property assignment expected.
src/app/blog/unique-kids-birthday-party-places/page.tsx(47,16): error TS1005: ',' expected.
src/app/blog/unique-kids-birthday-party-places/page.tsx(47,22): error TS1109: Expression expected.
src/app/blog/unique-kids-birthday-party-places/page.tsx(47,27): error TS1005: ',' expected.
src/app/blog/unique-kids-birthday-party-places/page.tsx(47,28): error TS1137: Expression or comma expected.
src/app/blog/unique-kids-birthday-party-places/page.tsx(47,30): error TS1109: Expression expected.
src/app/blog/unique-kids-birthday-party-places/page.tsx(47,35): error TS1005: ',' expected.
src/app/blog/unique-kids-birthday-party-places/page.tsx(47,49): error TS1005: ',' expected.
src/app/blog/unique-kids-birthday-party-places/page.tsx(47,52): error TS1109: Expression expected.
src/app/blog/unique-kids-birthday-party-places/page.tsx(47,57): error TS1005: ',' expected.
src/app/blog/unique-kids-birthday-party-places/page.tsx(47,71): error TS1005: ',' expected.
src/app/blog/unique-kids-birthday-party-places/page.tsx(47,72): error TS1137: Expression or comma expected.
src/app/blog/unique-kids-birthday-party-places/page.tsx(47,77): error TS1109: Expression expected.
src/app/blog/unique-kids-birthday-party-places/page.tsx(47,82): error TS1005: ',' expected.
src/app/blog/unique-kids-birthday-party-places/page.tsx(47,92): error TS1005: ',' expected.
src/app/blog/unique-kids-birthday-party-places/page.tsx(47,93): error TS1137: Expression or comma expected.
src/app/blog/unique-kids-birthday-party-places/page.tsx(47,95): error TS1109: Expression expected.
src/app/blog/unique-kids-birthday-party-places/page.tsx(47,100): error TS1005: ',' expected.
src/app/blog/unique-kids-birthday-party-places/page.tsx(47,109): error TS1005: ',' expected.
src/app/blog/unique-kids-birthday-party-places/page.tsx(47,120): error TS1005: ',' expected.
src/app/blog/unique-kids-birthday-party-places/page.tsx(47,123): error TS1109: Expression expected.
src/app/blog/unique-kids-birthday-party-places/page.tsx(47,128): error TS1005: ',' expected.
src/app/blog/unique-kids-birthday-party-places/page.tsx(47,138): error TS1005: ',' expected.
src/app/blog/unique-kids-birthday-party-places/page.tsx(47,139): error TS1137: Expression or comma expected.
src/app/blog/unique-kids-birthday-party-places/page.tsx(47,141): error TS1109: Expression expected.
src/app/blog/unique-kids-birthday-party-places/page.tsx(47,146): error TS1005: ',' expected.
src/app/blog/unique-kids-birthday-party-places/page.tsx(47,152): error TS1005: ',' expected.
src/app/blog/unique-kids-birthday-party-places/page.tsx(48,11): error TS1136: Property assignment expected.
src/app/blog/unique-kids-birthday-party-places/page.tsx(48,16): error TS1005: ',' expected.
src/app/blog/unique-kids-birthday-party-places/page.tsx(48,22): error TS1109: Expression expected.
src/app/blog/unique-kids-birthday-party-places/page.tsx(48,27): error TS1005: ',' expected.
src/app/blog/unique-kids-birthday-party-places/page.tsx(48,28): error TS1137: Expression or comma expected.
src/app/blog/unique-kids-birthday-party-places/page.tsx(48,30): error TS1109: Expression expected.
src/app/blog/unique-kids-birthday-party-places/page.tsx(48,35): error TS1005: ',' expected.
src/app/blog/unique-kids-birthday-party-places/page.tsx(48,49): error TS1005: ',' expected.
src/app/blog/unique-kids-birthday-party-places/page.tsx(48,52): error TS1109: Expression expected.
src/app/blog/unique-kids-birthday-party-places/page.tsx(48,57): error TS1005: ',' expected.
src/app/blog/unique-kids-birthday-party-places/page.tsx(48,71): error TS1005: ',' expected.
src/app/blog/unique-kids-birthday-party-places/page.tsx(48,72): error TS1137: Expression or comma expected.
src/app/blog/unique-kids-birthday-party-places/page.tsx(48,77): error TS1109: Expression expected.
src/app/blog/unique-kids-birthday-party-places/page.tsx(48,82): error TS1005: ',' expected.
src/app/blog/unique-kids-birthday-party-places/page.tsx(48,92): error TS1005: ',' expected.
src/app/blog/unique-kids-birthday-party-places/page.tsx(48,93): error TS1137: Expression or comma expected.
src/app/blog/unique-kids-birthday-party-places/page.tsx(48,95): error TS1109: Expression expected.
src/app/blog/unique-kids-birthday-party-places/page.tsx(48,100): error TS1005: ',' expected.
src/app/blog/unique-kids-birthday-party-places/page.tsx(48,108): error TS1005: ',' expected.
src/app/blog/unique-kids-birthday-party-places/page.tsx(48,113): error TS1005: ',' expected.
src/app/blog/unique-kids-birthday-party-places/page.tsx(48,122): error TS1005: ',' expected.
src/app/blog/unique-kids-birthday-party-places/page.tsx(48,128): error TS1005: ',' expected.
src/app/blog/unique-kids-birthday-party-places/page.tsx(48,135): error TS1005: ',' expected.
src/app/blog/unique-kids-birthday-party-places/page.tsx(48,140): error TS1005: ',' expected.
src/app/blog/unique-kids-birthday-party-places/page.tsx(48,147): error TS1005: ',' expected.
src/app/blog/unique-kids-birthday-party-places/page.tsx(48,149): error TS1137: Expression or comma expected.
src/app/blog/unique-kids-birthday-party-places/page.tsx(50,1): error TS1109: Expression expected.
src/app/blog/unique-kids-birthday-party-places/page.tsx(87,40): error TS1109: Expression expected.
src/app/blog/unique-kids-birthday-party-places/page.tsx(87,45): error TS1005: ',' expected.
src/app/blog/unique-kids-birthday-party-places/page.tsx(87,46): error TS1127: Invalid character.
src/app/blog/unique-kids-birthday-party-places/page.tsx(87,137): error TS1381: Unexpected token. Did you mean `{'}'}` or `&rbrace;`?
src/app/blog/unique-kids-birthday-party-places/page.tsx(87,143): error TS1005: '}' expected.
src/app/blog/unique-kids-birthday-party-places/page.tsx(87,232): error TS1381: Unexpected token. Did you mean `{'}'}` or `&rbrace;`?
src/app/blog/unique-kids-birthday-party-places/page.tsx(87,238): error TS1005: '}' expected.
src/app/blog/unique-kids-birthday-party-places/page.tsx(87,335): error TS1381: Unexpected token. Did you mean `{'}'}` or `&rbrace;`?
src/app/blog/unique-kids-birthday-party-places/page.tsx(87,341): error TS1005: '}' expected.
src/app/blog/unique-kids-birthday-party-places/page.tsx(87,452): error TS1381: Unexpected token. Did you mean `{'}'}` or `&rbrace;`?
src/app/blog/unique-kids-birthday-party-places/page.tsx(87,462): error TS1382: Unexpected token. Did you mean `{'>'}` or `&gt;`?
src/app/blog/unique-kids-birthday-party-places/page.tsx(93,35): error TS1381: Unexpected token. Did you mean `{'}'}` or `&rbrace;`?
src/app/blog/yamazaki-whiskey-guide/page.tsx(213,42): error TS1109: Expression expected.
src/app/blog/yamazaki-whiskey-guide/page.tsx(213,47): error TS1005: ',' expected.
src/app/blog/yamazaki-whiskey-guide/page.tsx(213,52): error TS1005: ',' expected.
src/app/blog/yamazaki-whiskey-guide/page.tsx(213,57): error TS1005: ',' expected.
src/app/blog/yamazaki-whiskey-guide/page.tsx(213,341): error TS1381: Unexpected token. Did you mean `{'}'}` or `&rbrace;`?
src/app/blog/yamazaki-whiskey-guide/page.tsx(214,40): error TS1005: '}' expected.
src/app/blog/yamazaki-whiskey-guide/page.tsx(214,289): error TS1381: Unexpected token. Did you mean `{'}'}` or `&rbrace;`?
src/app/blog/yamazaki-whiskey-guide/page.tsx(215,40): error TS1005: '}' expected.
src/app/blog/yamazaki-whiskey-guide/page.tsx(215,269): error TS1381: Unexpected token. Did you mean `{'}'}` or `&rbrace;`?
src/app/blog/yamazaki-whiskey-guide/page.tsx(216,40): error TS1005: '}' expected.
src/app/blog/yamazaki-whiskey-guide/page.tsx(216,280): error TS1381: Unexpected token. Did you mean `{'}'}` or `&rbrace;`?
src/app/blog/yamazaki-whiskey-guide/page.tsx(217,47): error TS1382: Unexpected token. Did you mean `{'>'}` or `&gt;`?
src/app/blog/yamazaki-whiskey-guide/page.tsx(222,35): error TS1381: Unexpected token. Did you mean `{'}'}` or `&rbrace;`?
src/app/blog/yamazaki-whiskey-guide/page.tsx(238,44): error TS1109: Expression expected.
src/app/blog/yamazaki-whiskey-guide/page.tsx(238,49): error TS1005: ',' expected.
src/app/blog/yamazaki-whiskey-guide/page.tsx(238,59): error TS1005: ',' expected.
src/app/blog/yamazaki-whiskey-guide/page.tsx(238,66): error TS1005: ',' expected.
src/app/blog/yamazaki-whiskey-guide/page.tsx(238,71): error TS1005: ',' expected.
src/app/blog/yamazaki-whiskey-guide/page.tsx(238,186): error TS1381: Unexpected token. Did you mean `{'}'}` or `&rbrace;`?
src/app/blog/yamazaki-whiskey-guide/page.tsx(239,40): error TS1005: '}' expected.
src/app/blog/yamazaki-whiskey-guide/page.tsx(239,178): error TS1381: Unexpected token. Did you mean `{'}'}` or `&rbrace;`?
src/app/blog/yamazaki-whiskey-guide/page.tsx(240,40): error TS1005: '}' expected.
src/app/blog/yamazaki-whiskey-guide/page.tsx(240,174): error TS1381: Unexpected token. Did you mean `{'}'}` or `&rbrace;`?
src/app/blog/yamazaki-whiskey-guide/page.tsx(240,184): error TS1382: Unexpected token. Did you mean `{'>'}` or `&gt;`?
src/app/blog/yamazaki-whiskey-guide/page.tsx(245,39): error TS1381: Unexpected token. Did you mean `{'}'}` or `&rbrace;`?
